48 Hours,0,The Good Girl, 30,29,{'nbc': ['VfDz19KOxNxClVqIDMGfFChfQBpe7G6o']}
48 Hours,0,"""48 Hours"" Live to Tell: Afraid of the Dark", 30,28,{'nbc': ['_6d4gDm4boyLdnVXhgg_fHsnKpPgZipI']}
48 Hours,0,The Family: A Cult Revealed [Part 2], 30,27,{'nbc': ['COE_DJj35nIga2KiyeJPQfik1ayb4SJN']}
48 Hours,0,The Family: A Cult Revealed, 30,26,{'nbc': ['Xi6_vc51XokXiSlGPIFPHKcGcXrpvUk5']}
48 Hours,0,Rodney Alcala: The Killing Game, 30,25,{'nbc': ['EjqLc0CX3Op1L1hDpTMoKCrd6oDLtylP']}
48 Hours,0,Paradise Lost, 30,24,{'nbc': ['548UZkSrwh7nwD02Ag1O5OkxB8g_KKDQ']}
48 Hours,0,Natalie Wood: Death in Dark Water, 30,23,{'nbc': ['WZYAGxIG9d_IxaxxdoLzOuBU25_Qx6Be']}
48 Hours,0,A Brother's Mission, 30,22,{'nbc': ['3GKHIj_z1LDX9OTXi38Au7Rz0JfEREFk']}
48 Hours,0,Sins of the Father, 30,21,{'nbc': ['EE6fYoR4xSIjN0Byf_LDpnlPgMCN_QOg']}
48 Hours,0,"""48 Hours"" Special: All-American Murder: The Rise and Fall of Aaron Hernandez", 30,20,{'nbc': ['RVBNDun9KfIidTJNF1gty3iW8vQ5FmvV']}
48 Hours,0,Murder in the Mansion, 30,19,{'nbc': ['ZB9bw5TrIJZNKxfnoGqqfLtDxTq_uPoo']}
48 Hours,0,Grapes of Wrath, 30,18,{'nbc': ['4JUKlA7yNggn0Xg46EGMZQBmvdgJjZNU']}
48 Hours,0,The Psychiatrist and the Selfie, 30,11,{'nbc': ['VA2hyEP_RjMwPbqKT8yxrKN1kY_kZ830']}
48 Hours,0,A Brother's Mission, 30,10,{'nbc': ['peSR5PUSvhc42G_ZaBq6L2vcRUv4TSi5']}
48 Hours,0,Killer App, 29,1,{'nbc': ['btpdDSRptPzHWybHYTGUjdNo6wNNN7Fu']}
48 Hours,0,My Mother's Murder, 29,2,{'nbc': ['k4__C1XSi9GZQCUa_3leX62Qi4tvoks3']}
48 Hours,0,"The Mortician, The Murder, The Movie", 29,3,{'nbc': ['ZSB0k_78_MNPXX2GdF1HA8Puvi37n1f_']}
48 Hours,0,Killer  Performance, 29,4,{'nbc': ['I4KieixQcW30sp0F1opAvHpeR9vsDpuQ']}
48 Hours,0,Shadow  of Death, 29,5,{'nbc': ['3bRzB7UOEg8mqwPE6FO1Jy5MnPn9ftD8']}
48 Hours,0,Driven to  Extremes, 29,6,{'nbc': ['pJLClHwRVFAj0xntXlZnaSG32jdQPrhx']}
48 Hours,0,Death  After Midnight, 29,7,{'nbc': ['EFNqzWfuVL2qLjPFTQez6eUJBs0lZ7Yt']}
48 Hours,0,Bad Boy, 29,8,{'nbc': ['ADMuBL_nGi0xpLTDcpMGR5CxE3CCKgEm']}
48 Hours,0,Buried Truth, 29,9,{'nbc': ['XOqMI2Kt33EDrJZHWgZSJWqRQdC7HiKS']}
48 Hours,0,Sophia's Secret, 29,10,{'nbc': ['KiLLG7sTWb__Z6bfVB84wk7uCkFXM0dV']}
48 Hours,0,Hunted, 29,11,{'nbc': ['VPDBaue3fmN4ph4Nyp9mK89VGkVePB91']}
48 Hours,0,The Long Road Home, 29,12,{'nbc': ['wtOTctgeO_6bOKJg4cySBSItFK8d6gGP']}
48 Hours,0,"""48 Hours"" Presents: Janet's Secret", 29,19,{'nbc': ['yrW_56xS_lcOxweGU_gn8QpVTXQsvle0']}
48 Hours,0,Crime & Punishment, 29,20,{'nbc': ['KIeI9FGjpIPF0pINwpSQzwbC81y3PVwi']}
48 Hours,0,Hannah Graham: Deadly Connections [Part 1], 28,1,{'nbc': ['V3ymh73Kf_KUlHgfsIxcBPWeynHPUoLz']}
48 Hours,0,Hannah Graham: Stalked by Evil [Part 2], 28,1,{'nbc': ['D2qOJyOqC7bUEG6oy4yh4tM56CRzS1Hh']}
48 Hours,0,The Doctor's Daughter, 28,2,{'nbc': ['J6gm08ku3tROVSXqBoCccO2YbkM3Cy1x']}
48 Hours,0,Shadow of Death, 28,3,{'nbc': ['pAA04lOxrx_vh_lGQqcog8nI7guZhsnN']}
48 Hours,0,Vengeance in Vegas, 28,4,{'nbc': ['nj2dvNjbDbiV0UWnFhS6LLinUdvgI70R']}
48 Hours,0,The Hunter: Searching for Kelli Bordeaux, 28,5,{'nbc': ['uxhCA8D7gBZrvSVyp7aiSkMI6HKpfd4N']}
48 Hours,0,The Pact, 28,6,{'nbc': ['gbQxdHHd0enhROR_JUvp9A3fvPLTf8Ax']}
48 Hours,0,The Bugs Bunny Defense, 28,7,{'nbc': ['u001jqEOlcZhQurQ9Rquzi_N6tH_F38A']}
48 Hours,0,The Accidental Husband, 28,10,{'nbc': ['Sc_Q0UgwdDqouHb_H67lCQ_y79ouSTYi']}
48 Hours,0,The Strange Case of Kurt Sonnenfeld, 28,11,{'nbc': ['CfByK1GkJWG4zMTPEjyFGZCxRVQM7rbY']}
48 Hours,0,Road to Redemption, 28,12,{'nbc': ['lXtJlP8OOTJ2L_ThrWI4BDW0M4af4yoQ']}
48 Hours,0,Dear Savanna, 28,13,{'nbc': ['yHrzvUPx8tCDFRwetsT87fpY3LWDi6bX']}
48 Hours,0,"""48 Hours"" Live to Tell: My Name is Victoria", 28,20,{'nbc': ['o_mkeIlVh_n8FHpZYHeXxYHWCIAxxL7S']}
48 Hours,0,A Vision of Murder, 28,19,{'nbc': ['3lIDw2_vD3Nf5jrdzvV5jHxJuEXyBpvY']}
48 Hours,0,Paradise Lost, 27,1,{'nbc': ['38mM0j9648s7EIjQ_xuLr0yqJIravNWO']}
48 Hours,0,The Hit, 27,3,{'nbc': ['QtZw_wHsNIprTYP9DwUcijXqZMUXZ61M']}
48 Hours,0,Kristen's Secret, 27,4,{'nbc': ['YjNEYHvKv9TISHKOIxbvQNeL2vtALttk']}
48 Hours,0,"""48 Hours"" Live to Tell: I Remember Everything", 27,5,{'nbc': ['ud0cO_GkP_pSU1HgKb6IvOYr8NVWiOIc']}
48 Hours,0,The Pact, 27,6,{'nbc': ['QGBo7H43lTkRZuNf8bb0su5iteLPQgMq']}
48 Hours,0,Prison Diaries, 27,7,{'nbc': ['KcrR9bSuHhpnbRYQMiEL32Lsc9uI6SRN']}
48 Hours,0,Devil's Island, 27,8,{'nbc': ['E49kjONQQo3bhHqTm7LZwnUEQuCQNyLJ']}
48 Hours,0,The Girl Next Door, 27,9,{'nbc': ['IxJvOB1TF7ZoB8b_o7rtsynwYPsPFRxJ']}
48 Hours,0,The Sober Truth, 27,10,{'nbc': ['A1tQVHcGPKZYB0x0O2V_WxRIuR80HN24']}
48 Hours,0,Last Chance, 27,11,{'nbc': ['eyP_RDSTf1x3d7sh5bg33KbucQgLivmU']}
48 Hours,0,Crazy Love, 27,12,{'nbc': ['Gt1CPcvwPutfmtQf24DgZVni3kCvtcet']}
48 Hours,0,The two faces of Todd Winkler, 27,13,{'nbc': ['W5Seo94m1R7zqCMp0D4TapuIkx4hlKGc']}
48 Hours,0,Dangerous Games, 27,22,{'nbc': ['Q_UcIcVdUfHI9mp_N0jv_eq9AqEazD8C']}
48 Hours,0,Fall from Grace, 27,23,{'nbc': ['yeKszKmuOHBhpXz76tlTfTiKsuAmPjzx']}
48 Hours,0,The Sweetheart Murders, 26,1,{'nbc': ['DMvmTtze4fTSNlJXAAl5CQkQCu8izQ3T']}
48 Hours,0,"Spies, Lies & Secrets", 26,2,{'nbc': ['ZlR7rdXAZJVknGT1lVXgft1sTMFMqN9v']}
48 Hours,0,Death at Cottonwood Creek, 26,3,{'nbc': ['c0l2ce5qwf7AMb2_6TxKw71kqfi27n0c']}
48 Hours,0,aka Rockefeller, 26,4,{'nbc': ['wkR2dcelPNzH_0_elVy5Up9tG1EonFk2']}
48 Hours,0,The Ghosts of Greenwich, 26,5,{'nbc': ['1M7G5CGkTgAT5NyF29fobC4WGYsiwHVf']}
48 Hours,0,Loved to Death, 26,6,{'nbc': ['PS3No1kF7b6v0SFPdll08ZJN8JRSEm3B']}
48 Hours,0,"""48 Hours"": Relentless", 26,7,{'nbc': ['20iQfbufGwcysnoe3YCAr2s5Sh_OZoRF']}
48 Hours,0,The Devil's Twin, 26,9,{'nbc': ['em8iiERv12L7hu_8PMtIc6WBOQrkU7_O']}
48 Hours,0,Hollywood Secrets, 26,10,{'nbc': ['MZyu8qTwTbuEDWgU34KIdGD7k94Idlj5']}
48 Hours,0,Walking Free, 26,11,{'nbc': ['5QK1jMCPqeTZ2b_5eVUn6bNjYmO_Heg8']}
48 Hours,0,"Love, Hate & Obsession", 26,13,{'nbc': ['JdsdVk12m7ZxHq9jnqIJ3KBOfABj2VVi']}
48 Hours,0,Highway of Tears, 26,14,{'nbc': ['2EpRNeeXfitlMg7S4s6l7GSJ_4EU_duV']}
48 Hours,0,The Country Club Murders, 26,23,{'nbc': ['eYvS7odIJbShePVgQDRJv3h_xhNd7yh9']}
48 Hours,0,Pain and Gain, 26,25,{'nbc': ['IYk0aem1zZHpxV0jartsA_aBn8Fy1Sit']}
48 Hours,0,The Accuser, 25,45,{'nbc': ['j0RwnoCpuiiVw6BFpfOeG2doQpdEhkIM']}
48 Hours,0,Lina's Heart, 25,46,{'nbc': ['cZYRZNz2yXjcgGRmPdZ_ONJVVJI2NRx7']}
48 Hours,0,The hunt for Mr. Wright, 25,47,{'nbc': ['yBd2X2AcsqGyLfoV3KGSRiqM9wRjy8UW']}
48 Hours,0,Shattered Dreams, 25,48,{'nbc': ['EbF82sXkN4MwZ4_TlCFKijVRS3errFbK']}
48 Hours,0,Chasing the Barefoot Bandit, 25,49,{'nbc': ['yymDoNcYY5GldFpDCg2CSCupvUBdkZ_Z']}
48 Hours,0,Crazy Love, 25,50,{'nbc': ['hiOr7YzUHegVKI0hjic9Vk_m1fGA_0Q6']}
48 Hours,0,"Secrets, Lies and Alibis", 25,51,{'nbc': ['_8IbhBC4BcVUwF35Ky8EXag6Ka4E3_MN']}
48 Hours,0,Long Island Serial Killer, 25,52,{'nbc': ['rAZyzZxUpRlceOl8epkok1EWMy7w1oZ_']}
48 Hours,0,"""48 Hours"" Live to Tell: Black Wave", 25,53,{'nbc': ['cHIETaSwizwmuDTQtRs5mMuKfKifW_sA']}
48 Hours,0,The Railroad Killer, 25,54,{'nbc': ['FtXOdSQKJZH4Z9zspmpErfd1Di6jRoh8']}
48 Hours,0,Desperate Measures, 25,55,{'nbc': ['_KN_YG__uoCHHLSJkYaNcqdUdzq3Z9Qk']}
48 Hours,0,Hunting Humans, 25,56,{'nbc': ['ihW54w_XX4x2vPibU1aV4e_dwCxt5_u3']}
48 Hours,0,The Usual Suspect, 25,62,{'nbc': ['JOrbGR6VwSS6nLvuIWWVYiOP24972na1']}
48 Hours,0,Cold as Ice, 25,64,{'nbc': ['iG59r7YA8PW6lgCalPzbLDcsU1_W73Qv']}
9JKL,0,9JKL - Tell All, 1,16,{'nbc': ['ikBU_AVAtJOInxs_gLyhXg31_pv0w1aK']}
9JKL,0,9JKL - Stalker Status, 1,15,{'nbc': ['Vos8z9CMlJd8ru1kxqwjw_t11VhSbUp2']}
9JKL,0,9JKL - Fridays with Harry, 1,14,{'nbc': ['RP2Q1EZIwOleJmpbOMa4yV2dSbQZ8Vwg']}
9JKL,0,9JKL - Heavy Meddling, 1,13,{'nbc': ['URLnODglu7XGQE0ysfTeZqJLNFs3gzR6']}
9JKL,0,9JKL - It Happened One Night, 1,12,{'nbc': ['T8AKXJrLQIR_RHroFP7V9oMXNNZ1UyAf']}
9JKL,0,9JKL - Set Visit, 1,11,{'nbc': ['rCP9DmtLL6sx0xU5Jrvr2xQAqeqVdDda']}
9JKL,0,9JKL - The Family Plot, 1,10,{'nbc': ['kwYcw4fnVvEjl0cJV3INWbkcUQEJqPHF']}
9JKL,0,9JKL - Lovers Getaway, 1,9,{'nbc': ['VeHqEwqMfR1Zzr_1V4JdE3D1iOmnP9Mk']}
9JKL,0,9JKL - Make Thanksgiving Great Again, 1,8,{'nbc': ['xViNYIm1dOe1tbwJc6153PFXSe_bupX3']}
9JKL,0,9JKL - Nanny Wars, 1,7,{'nbc': ['NC6wkG4klZ95V_qS3xGNIanqLdBT2Bsx']}
9JKL,0,9JKL - TV MD, 1,6,{'nbc': ['xKRoRKzGxBtAeLwKr6APuV0uA4SuYOr_']}
9JKL,0,9JKL - The Key to Life, 1,5,{'nbc': ['oWgekUER5Yy8X8sNna43qwhoPtotNwcF']}
Angel From Hell,0,Angel From Hell - Pilot, 1,1,{'nbc': ['468593BD-7506-2E38-A955-F5D66EBE1F2C']}
Angel From Hell,0,Angel From Hell - Face Your Fears, 1,2,{'nbc': ['i422WOtUgdctFiui3W0aztaOsRciJGpU']}
Angel From Hell,0,Angel From Hell - Go With Your Gut, 1,3,{'nbc': ['QyrMFqn5iYIAr6nsrYpvR7ZA2Co_VAcz']}
Angel From Hell,0,Angel From Hell - Family Business, 1,4,{'nbc': ['2Z6cCaLHDncOKfyduIhf2oJdseoTk3a8']}
Angel From Hell,0,Angel From Hell - Soulmates, 1,5,{'nbc': ['FbAnNxw6FJ25zj_YWJ3MCT5ZI_uUGKBR']}
Angel From Hell,0,Angel From Hell - Angel Probation, 1,6,{'nbc': ['v1OSo_pAPVSEVkD6QZWO59muVAldla2S']}
Angel From Hell,0,Angel From Hell - Angel Appreciation Day, 1,7,{'nbc': ['8Npv97ZRWWCdG2_jd5nw_GCKvdIIpXYD']}
Angel From Hell,0,Angel From Hell - Practice Guy, 1,8,{'nbc': ['u1BhpFBzLgZwT2yhuHo3EuL8APFUizM4']}
Angel From Hell,0,Angel From Hell - Rain Check, 1,9,{'nbc': ['0Gr99GzyYqO8fh48gVqdwGieg1H51tPi']}
Angel From Hell,0,Angel From Hell - Funsgiving, 1,10,{'nbc': ['FA53C611-941E-FF91-837B-E1389BACB66B']}
Angel From Hell,0,Angel From Hell - The Flask, 1,11,{'nbc': ['90AF0CE6-A046-FF2C-D976-E1389BADB407']}
Angel From Hell,0,Angel From Hell - Believe Me (Part 1), 1,12,{'nbc': ['662CF071-2C34-5EC0-E1C7-EB8504B4DA43']}
BrainDead,0,BrainDead - The Insanity Principle, 1,1,{'nbc': ['BB943FA4-BF79-2ED5-2611-41651CD098A5']}
BrainDead,0,BrainDead - Playing Politics, 1,2,{'nbc': ['28224AA3-B750-4B07-BBD3-65D87FB083BF']}
BrainDead,0,BrainDead - Goring Oxes, 1,3,{'nbc': ['E6EAB32C-4516-C007-C52A-89A78CE67BC7']}
BrainDead,0,BrainDead - Wake Up Grassroots, 1,4,{'nbc': ['F_60EC9hhHelzRMyauseDVXFaTHAnYb7']}
BrainDead,0,BrainDead - Back to Work, 1,5,{'nbc': ['6DED515B-9976-A048-8986-19C01C8FCDDE']}
BrainDead,0,"BrainDead - Notes Toward A Post-Reagan Theory Of Party Alliance, Tribalism, And Loyalty", 1,6,{'nbc': ['865F39ED-357B-9CAE-9DE3-3DBD969CFA8F']}
BrainDead,0,BrainDead - The Power of Euphemism, 1,7,{'nbc': ['E65910AE-36D6-89AB-9F62-61978988C4FC']}
BrainDead,0,BrainDead - The Path to War Part One, 1,8,{'nbc': ['8DE76FCF-CD2A-B0B7-86D5-857F657F7038']}
BrainDead,0,BrainDead - Taking on Water, 1,9,{'nbc': ['3m8QVee2Yb2jage84CW4dPY6RMa5nw5x']}
BrainDead,0,BrainDead - The Path to War Part Two, 1,10,{'nbc': ['CFF3B160-814E-1F09-1669-CE21B5BE45D4']}
BrainDead,0,BrainDead - Six Points on the New Congressional Budget, 1,11,{'nbc': ['CDF0A06E-AC0A-9F9D-712B-ED93F33996FC']}
BrainDead,0,BrainDead - Talking Points Toward a Holistic View of Activism in Government, 1,12,{'nbc': ['YmrufUwzFYNpw_EKt2rZYwJBMPORXpVC']}
The Carol Burnett,0,pecial ,1,1,{'nbc': ['3bZA3HTgwTiCtfdfH7CXrfo4plYye24u']}
The Guardian,0,The Guardian - Pilot, 1,1,{'nbc': ['pMZKOnRHxT2_7uzezhUST1YQquguoy_M']}
The Guardian,0,The Guardian - Reunion, 1,2,{'nbc': ['_LzBGXoe0Ss5_l5Cp_X618_aK29TWxoF']}
The Guardian,0,The Guardian - Paternity, 1,3,{'nbc': ['uXblvlFn1099WIyDrKy9SO9qfNNRVEeT']}
The Guardian,0,The Guardian - Lolita?, 1,4,{'nbc': ['kX7hQwtVIGeExxzIWdQqkdbiBhizeyGS']}
The Guardian,0,The Guardian - The Men From The Boys, 1,5,{'nbc': ['9LDdbWB9RURxpM2AlDsMQQwK36_3gFcG']}
The Guardian,0,The Guardian - Indian Summer, 1,6,{'nbc': ['_FSKi72L_vC3tf_CwMQ5YKSlvCr6gObG']}
The Guardian,0,The Guardian - Feeding Frenzy, 1,7,{'nbc': ['ECOZcyCKiqulhpN3S81HljJccEXKRU3M']}
The Guardian,0,The Guardian - Heart, 1,8,{'nbc': ['BJ4WZkgTaZJaHgXaIJXXBq1UgOuS1eZE']}
The Guardian,0,The Guardian - The Funnies, 1,9,{'nbc': ['4lVKV5PUzQxRBA7mJ17O8LRczm2dZ9dc']}
The Guardian,0,The Guardian - Loyalties, 1,10,{'nbc': ['jE1__Erc5gG9YLaIPF2gXxy5wHACRlZp']}
The Guardian,0,The Guardian - Home, 1,11,{'nbc': ['DLOxj6K4kyyebAL9Kq55gywHtlTUKiWc']}
The Guardian,0,The Guardian - Casualty, 1,12,{'nbc': ['XoUorS_Nb0vWoo4qd69q06PNqXqAjLRA']}
The Guardian,0,"The Guardian - Lawyers, Guns and Money", 1,19,{'nbc': ['cEiuOb0BKfme3fj_DORYdbgCKuVmL7pG']}
The Guardian,0,The Guardian - Shelter, 1,20,{'nbc': ['bCJ_OgMAgJOLWjmrB1S3Mo5W_6gm7A5e']}
The Guardian,0,The Guardian - Testimony, 2,1,{'nbc': ['6ubMkc33uhpiNefRCmJw_vF35iKNEQak']}
The Guardian,0,The Guardian - Monster, 2,2,{'nbc': ['L3_1uwgGITORaYOpOuLnD6C9yYZdgE1c']}
The Guardian,0,The Guardian - The Dead, 2,3,{'nbc': ['ygLoomK4CyELESxJnap4MsXlraWhBbx8']}
The Guardian,0,The Guardian - The Next Life, 2,4,{'nbc': ['oP5v96bSdFRUa1Wrdk7tqDTu0StV3nBH']}
The Guardian,0,The Guardian - Assuming The Position, 2,5,{'nbc': ['kAAFrybs8PpkPofdOUu5nAKbGefmVMQ5']}
The Guardian,0,The Guardian - The Living, 2,6,{'nbc': ['gSY1626Pwk3waATsoPHNLnczx88Vrcld']}
The Guardian,0,The Guardian - The Innocent, 2,7,{'nbc': ['IvwgrzMHAQcXwSAmk_eVJxGHB64MPfBm']}
The Guardian,0,The Guardian - The Neighborhood, 2,8,{'nbc': ['SsbR352ypdKCewXGH4lkorsKm8qPrEHO']}
The Guardian,0,The Guardian - The Dark, 2,9,{'nbc': ['ZH6c4CHQP29_V2uSJeKrWsJhEPnYCimY']}
The Guardian,0,The Guardian - Sacrifice, 2,10,{'nbc': ['LtSmLIse_T6Cc9splyk5h1dWh8bhAWN3']}
The Guardian,0,The Guardian - No Good Deed, 2,11,{'nbc': ['p7m0mzImRQolnnTqY6UfXB7mpHUWaKqv']}
The Guardian,0,The Guardian - You Belong To Me, 2,12,{'nbc': ['XCHIs4UFqc9lpf_GXMNm8KpgwyWYnbwb']}
The Guardian,0,The Guardian - Back In The Ring, 2,19,{'nbc': ['KBH3qCczK8jGVQr_mTwtJVCXG8ahLFK9']}
The Guardian,0,The Guardian - What It Means To You, 2,20,{'nbc': ['tWX0E0edQtxnqhN4pGjYb9Fu54YoQI75']}
The Guardian,0,The Guardian - Carnival, 3,1,{'nbc': ['LqwA8iA99_y_VHDog5wnJE_JT6LP2JlA']}
The Guardian,0,The Guardian - Big Coal, 3,2,{'nbc': ['rdrI_PKqhks_RMFEMf184Dim1zCwAhWn']}
The Guardian,0,The Guardian - The Line, 3,3,{'nbc': ['2m_mRLHSl1BHEnMaIyU2YK2czzwVqe85']}
The Guardian,0,The Guardian - The Daughter Father Dance, 3,4,{'nbc': ['O_gCI1fvYxOveGWsuFp9RUvBnKNa9yek']}
The Guardian,0,The Guardian - Shame, 3,5,{'nbc': ['nG4br6f1TdDgMaI84RHtMPIjEzwg8aVH']}
The Guardian,0,The Guardian - Let's Spend The Night Together, 3,6,{'nbc': ['o5c7ctlJ6DW79pZldQm_02Snz_Dmr1zS']}
The Guardian,0,The Guardian - Hazel Park, 3,7,{'nbc': ['x3xmkKff_6QQuVdTkeAWK9_tHEECsvp0']}
The Guardian,0,The Guardian -  Believe, 3,8,{'nbc': ['CeTk9_v6ItccJcGpVgml9rDWbRETupK1']}
The Guardian,0,The Guardian - Let God Sort 'Em Out, 3,9,{'nbc': ['bS37nMu_FFaZ3UKpf_MuAWl2cN0xX8ln']}
The Guardian,0,The Guardian - Swimming, 3,10,{'nbc': ['47XkYSh81_SlvH_mUov1AEQpsK_AKgXP']}
The Guardian,0,The Guardian - Legacy, 3,11,{'nbc': ['q7_bXQGa929Nas6p_KyUICsh78WC4hWg']}
The Guardian,0,The Guardian - Beautiful Blue Mystic, 3,12,{'nbc': ['WLjaQGmc1ZjvBNyUvyxD57zaZrT1bL7A']}
The Guardian,0,The Guardian - Remember, 3,19,{'nbc': ['krE5n5MhWiNicCkgYuILw5Ic79cXs_c6']}
The Guardian,0,The Guardian - The Vote, 3,20,{'nbc': ['M5gCE_dI87WHv3ha1_Sf3zxEdDI1DWb4']}
Let's Make a Deal,0,Let's Make A Deal - 3/6/2018, 9,114,{'nbc': ['gVMcK6506s1aNOEQ5bwlxiEtkfVHS0w2']}
Let's Make a Deal,0,Let's Make A Deal - 3/5/2018, 9,113,{'nbc': ['jJzBnTdIDRLpKvcNSmNO2Nxu_MSLnEaG']}
Let's Make a Deal,0,Let's Make A Deal - 3/2/2018, 9,112,{'nbc': ['CJbtHSQnYsQFeVFE2HE7GPphKLC5UIq8']}
Let's Make a Deal,0,Let's Make A Deal - 3/1/2018, 9,111,{'nbc': ['vDNHk8eP_yvjHQ_r_HLEosMBT_RM0_tr']}
Let's Make a Deal,0,Let's Make A Deal - 2/28/2018, 9,110,{'nbc': ['Y2ZMcKC3MmmgvPoSPu4v8Z1fiqgoKhwe']}
Let's Make a Deal,0,Let's Make A Deal - 2/27/2018, 9,109,{'nbc': ['qksC2AruUdSnDCmD2MUjC3HgwugAXy8q']}
Let's Make a Deal,0,Let's Make A Deal - 2/26/2018, 9,108,{'nbc': ['orOWQceWh1c56ey2cXvsB1QEIjRah5yb']}
Let's Make a Deal,0,Let's Make A Deal - 2/23/2018, 9,107,{'nbc': ['or194JZBMVMwDkSxAGn8SXi_OlWhWpqj']}
Let's Make a Deal,0,Let's Make A Deal - 2/22/2018, 9,106,{'nbc': ['088HZ3LlyfYldTzO3ZBp68DaXzlTKi01']}
Let's Make a Deal,0,Let's Make A Deal - 2/21/2018, 9,105,{'nbc': ['t7VUl87itgdM4jbvwmC615fNOLLM_ddQ']}
Let's Make a Deal,0,Let's Make A Deal - 2/20/2018, 9,104,{'nbc': ['2dVkDgYvbCswYN_JsYiDKFgKYYLWG8LF']}
Let's Make a Deal,0,Let's Make A Deal - 2/19/2018, 9,103,{'nbc': ['j1ngCbFMKb1sBKWzdXmWUPWL40_CWS9R']}
Let's Make a Deal,0,Let's Make A Deal - 2/8/2018, 9,96,{'nbc': ['eBHzor9Nc5fZa3tSd8bzUQ9RAcYskG_t']}
Let's Make a Deal,0,Let's Make A Deal - 2/7/2018, 9,95,{'nbc': ['iPbN1VVwxHqoCDvZh3NuGWu2leK8uRXg']}
"Me, Myself & I",0,New Job ,1,6,{'nbc': ['_24ULk4SAbAcUkZ9ALKtnlztTeVQv92r']}
"Me, Myself & I",0,Family Tree ,1,5,{'nbc': ['QFQ4XfxVucBPLKI_VZxELb75GzljiMX7']}
"Me, Myself & I",0,tar Wars ,1,4,{'nbc': ['oQ6J_dTPXdTDsBqZciwkctaqrMexx7xz']}
"Me, Myself & I",0,The Card ,1,3,{'nbc': ['M1BYhtKjKXGeqnup6oV9B3P3kZSSeV3B']}
"Me, Myself & I",0,tep ,1,2,{'nbc': ['jkbmYvK4d2y8i_fOCdN0h7gpTvhi3plX']}
"Me, Myself & I",0,Pilot ,1,1,{'nbc': ['6B3E34B9-0866-C887-A081-ABB3F77055BD']}
Mission Impossible,0,Mission Impossible - Pilot, 1,1,{'nbc': ['8JmLTX9AggwzAJOQY8fBJE46s0uyrTTs']}
Mission Impossible,0,Mission Impossible - Memory, 1,2,{'nbc': ['7pGQXpEZqwgHiWIi9X9j8XT9i4D4Pmpb']}
Mission Impossible,0,Mission Impossible - Operation Rogosh, 1,3,{'nbc': ['TlefQYgJArqWNaDfj6knQkXDTPmNixkC']}
Mission Impossible,0,Mission Impossible - Old Man Out pt. 1, 1,4,{'nbc': ['jPgL5YxPBZgsEP61afNVEcXtMIsTSrgg']}
Mission Impossible,0,Mission Impossible - Old Man Out pt. 2, 1,5,{'nbc': ['8HiDY4vJsd2qB7fnudjpM_vvK2DunPx_']}
Mission Impossible,0,Mission Impossible - Odds On Evil, 1,6,{'nbc': ['5DM6AsY8xIe85QF9wmvclxaaSryvDLWp']}
Mission Impossible,0,Mission Impossible - Wheels, 1,7,{'nbc': ['5LXVNeTFrdj_G9lORjVTDBKfC3n0ZfCs']}
Mission Impossible,0,Mission Impossible - The Ransom, 1,8,{'nbc': ['PFo6_1N8txN3v1G7KD1acW5nD8gHGbLq']}
Mission Impossible,0,Mission Impossible - A Spoon There Was, 1,9,{'nbc': ['JEdJSeNzeoAo12zFInPrILD0dHV38qJH']}
Mission Impossible,0,Mission Impossible - The Carriers, 1,10,{'nbc': ['2PqaovURNC1_WcWIihQ7Kr5Z14GIHiB_']}
Mission Impossible,0,Mission Impossible - Zubrovnik's Ghost, 1,11,{'nbc': ['XSVUeC5g6fSAJZ1OuYdKWKXkONWPe4n8']}
Mission Impossible,0,Mission Impossible - Fakeout, 1,12,{'nbc': ['Iy7XUqhgQMAsIT1DY1crLUJAI4IQ8sQO']}
Mission Impossible,0,Mission Impossible - The Diamond, 1,19,{'nbc': ['f3Grd7Jp4epno9nfshG3OSVkbhM4_Q8H']}
Mission Impossible,0,Mission Impossible - The Legend, 1,20,{'nbc': ['v1oLbjFqGJVdzk66B2GKLSRekvrdgXxX']}
Mission Impossible,0,Mission Impossible - The Widow, 2,1,{'nbc': ['v5YBJtrnaTYT4HYrykKSNhHB9U7agBw5']}
Mission Impossible,0,Mission Impossible - Trek, 2,2,{'nbc': ['rnvAJw_XozqU2_VRLWYrWybvRgq2T9AG']}
Mission Impossible,0,Mission Impossible - The Survivors, 2,3,{'nbc': ['WXgBLRANYhekfXEkN_jSwsoFEkCj_TQ7']}
Mission Impossible,0,Mission Impossible - The Bank, 2,4,{'nbc': ['lTQ8qz8NeLUSFZZL_ET2nTDItCwPNAFZ']}
Mission Impossible,0,Mission Impossible - The Slave pt. 1, 2,5,{'nbc': ['fnpBL4qgauNGVkpMU9IMSa74UbQ2_a7y']}
Mission Impossible,0,Mission Impossible - The Slave pt. 2, 2,6,{'nbc': ['jLUYqYUKxovl7CU5tzwRYkuk2hR7diP7']}
Mission Impossible,0,Mission Impossible - Operation Heart, 2,7,{'nbc': ['8uRj9ZN87J5yxOkxgAu6CyoQ2UhhI75X']}
Mission Impossible,0,Mission Impossible - The Money Machine, 2,8,{'nbc': ['AnNR_NArg9Pg7x7UIyBUC_sKc5YxjFzE']}
Mission Impossible,0,Mission Impossible - The Seal, 2,9,{'nbc': ['UXMSqoq6TEoS5WWYbV8dEEHwT7UHkd8y']}
Mission Impossible,0,Mission Impossible - Sweet Charity, 2,10,{'nbc': ['xSGKEvQu5DlyF9I7msi6lNe4ADJsAPQ1']}
Mission Impossible,0,Mission Impossible - The Council pt. 1, 2,11,{'nbc': ['ARZRzVFAVACpqLtZ9bMyRYCp2svwZ_EU']}
Mission Impossible,0,Mission Impossible - The Council pt. 2, 2,12,{'nbc': ['DtSpsMLBUlGune02MWGpucLzXw7_Iymb']}
Mission Impossible,0,Mission Impossible - The Condemned, 2,19,{'nbc': ['Q_aQPL_lxGYEx3yyyrx4hlKslz2IMCDq']}
Mission Impossible,0,Mission Impossible - The Counterfeiter, 2,20,{'nbc': ['2CC92F4E-6645-335E-5494-0BB7CA89A22A']}
Mission Impossible,0,Mission Impossible - The Heir Apparent, 3,1,{'nbc': ['ZtWlC3s3bNX695va0xz3ct1HC10WD62_']}
Mission Impossible,0,"Mission Impossible - The Contender, Pt. 1", 3,2,{'nbc': ['ERODOVXqFU4VoW5mm18anPnFU37NRp6J']}
Mission Impossible,0,"Mission Impossible - The Contender, Pt. 2", 3,3,{'nbc': ['73iwotAQFmllpXTT_SHnPzFICGoZ_v_6']}
Mission Impossible,0,Mission Impossible - The Mercenaries, 3,4,{'nbc': ['Rd0EqXhftz6WXRNTjtOsjAhK1GgOINjA']}
Mission Impossible,0,Mission Impossible - The Execution, 3,5,{'nbc': ['tmX_AGv1Sa_xQ_gpE85gj6_M_IsgUscN']}
Mission Impossible,0,Mission Impossible - The Cardinal, 3,6,{'nbc': ['FAjTCn86TEncTHZIMPTuHxyO1szTeEUi']}
Mission Impossible,0,Mission Impossible - The Elixir, 3,7,{'nbc': ['8oOsIWT_GDnseLANiphTsW_8OtiYSKAL']}
Mission Impossible,0,Mission Impossible - The Diplomat, 3,8,{'nbc': ['8eyhA25mVLWEgZme3jIAGQbSadhtZ0_e']}
Mission Impossible,0,Mission Impossible - The Play, 3,9,{'nbc': ['0eF3H0HKANqfjSHR_ZGipUrtgc8Zio5t']}
Mission Impossible,0,Mission Impossible - The Bargain, 3,10,{'nbc': ['vqDJZgJUdkhOaWjWlWDO747jvr_R7yEe']}
Mission Impossible,0,Mission Impossible - The Freeze, 3,11,{'nbc': ['s4y32DR7ghnpYx_T1ZT3cWflB_Fm9ZGH']}
Mission Impossible,0,Mission Impossible - The Exchange, 3,12,{'nbc': ['M20V_jlqaahHpjeRixk1WUXivQO4oTRa']}
Mission Impossible,0,Mission Impossible - The Mind of Stefan Miklos, 3,13,{'nbc': ['B14ED85E-6BD7-4A5B-6B3A-0BBAD67BF60D']}
Mission Impossible,0,"Mission Impossible - The Bunker, Pt. 2", 3,20,{'nbc': ['hx_U00MsGz6cRckZ6v7OBbQ1Jg2riYLD']}
Mission Impossible,0,Mission Impossible - The Code, 4,1,{'nbc': ['Jjo2RDF8v_h_5Pl8kKxuRmD1WjhEo6yh']}
Mission Impossible,0,Mission Impossible - The Numbers Game, 4,2,{'nbc': ['wviG5puxp3Gzl_9vfWiY2K2zaTU4vxuV']}
Mission Impossible,0,"Mission Impossible - The Controllers, pt. 1", 4,3,{'nbc': ['7sYe6gw5R6e_MZsfJTyQPPbfubsYTdgD']}
Mission Impossible,0,"Mission Impossible - The Controllers, pt. 2", 4,4,{'nbc': ['fL3utpUVjDa49M5wl9UBFElJvs6wRNQQ']}
Mission Impossible,0,Mission Impossible - Fool's Gold, 4,5,{'nbc': ['9Uo_gCpyQpVm6JP_YUMU_nNkrJ2kF__t']}
Mission Impossible,0,Mission Impossible - Commandante, 4,6,{'nbc': ['_t5D5oADJO2FdxDrXPzuSSL82Zw45uDq']}
Mission Impossible,0,Mission Impossible - Submarine, 4,7,{'nbc': ['_0GtaJCf_5pS14gyn3S03_70hsPJb97j']}
Mission Impossible,0,Mission Impossible - Mastermind, 4,8,{'nbc': ['hhXApvltjn2Lfov_FehI1_AlORBPtsXT']}
Mission Impossible,0,Mission Impossible - Robot, 4,9,{'nbc': ['7HYZrCLV_zwTLG_e5hqZl9nTuMVbfO8s']}
Mission Impossible,0,Mission Impossible - The Double Circle, 4,10,{'nbc': ['ub3wFRunQUUqc7PAcDXHGJ3ztaR3QlkW']}
Mission Impossible,0,Mission Impossible - The Brothers, 4,11,{'nbc': ['JXI_uT8TfZQZwqZI2HkXuolZ0Mg1xzf4']}
Mission Impossible,0,Mission Impossible - Time Bomb, 4,12,{'nbc': ['rcyFjZKLSJmb8qissqE85iiPFH384Hkh']}
Mission Impossible,0,Mission Impossible - Phantoms, 4,19,{'nbc': ['xLWTwkYMvp0htPLGJtDgh7svyRld58du']}
Mission Impossible,0,Mission Impossible - Terror, 4,20,{'nbc': ['tLWuXLrL7xIxMB1gqO_P8_2qKqgy9_wV']}
Mission Impossible,0,Mission Impossible - The Killer, 5,1,{'nbc': ['g1V7b7ZQLEldTgnOqcCpqzA7pO_012vv']}
Mission Impossible,0,Mission Impossible - Flip Side, 5,2,{'nbc': ['UOtj9bepGo8R6ntQ7DBzsrhPIb_UVsJ7']}
Mission Impossible,0,Mission Impossible - The Innocent, 5,3,{'nbc': ['ggb7s9qY5kTOzDUzR5rIHP0H4zZWIk8k']}
Mission Impossible,0,Mission Impossible - Homecoming, 5,4,{'nbc': ['vM_y7TZM2Bjx7QomIAojOIrZ_0cKpK9i']}
Mission Impossible,0,Mission Impossible - Flight, 5,5,{'nbc': ['C1p5dne6kOj02AljG0vpWmphq7UCj8fw']}
Mission Impossible,0,"Mission Impossible - My Friend, My Enemy", 5,6,{'nbc': ['YaSr8Q7rAFVtyRjj9cxh0KPRiCUjUBIj']}
Mission Impossible,0,Mission Impossible - Butterfly, 5,7,{'nbc': ['IWH8RwZc85_bXtOfZKgXP7luEyh_c01L']}
Mission Impossible,0,Mission Impossible - Decoy, 5,8,{'nbc': ['ERg7iOIxoWkDcpBRfr3Pf8WrxbUddxWu']}
Mission Impossible,0,Mission Impossible - The Amateur, 5,9,{'nbc': ['UEmgaTelRW_Uv6iHzKhYpn_M_8jCYhLr']}
Mission Impossible,0,Mission Impossible - Hunted, 5,10,{'nbc': ['zhG4ETcEAUqq5NG2ZjNhp06PJjxjB_sg']}
Mission Impossible,0,Mission Impossible - The Rebel, 5,11,{'nbc': ['2XzykH9IUrz8wJ6NqVfpM7jb64DkN95Q']}
Mission Impossible,0,Mission Impossible - Squeeze Play, 5,12,{'nbc': ['c2riRsBQ6VBK0jfG2TuiJuL9ah_Jc_01']}
Mission Impossible,0,Mission Impossible - The Catafalque, 5,19,{'nbc': ['M0Zi2tWvjXtrUxtn8peeLV5WnzaJd26S']}
Mission Impossible,0,Mission Impossible - Kitara, 5,20,{'nbc': ['iIFSxjCo3pgaR_Hkff2lp18zT3lxV2Z0']}
Mission Impossible,0,Mission Impossible: Blind, 6,1,{'nbc': ['RyQ898qKZotFSGX5ZyXPLevaY2GgBQ0n']}
Mission Impossible,0,Mission Impossible - Encore, 6,2,{'nbc': ['QgNIdk6Ahh92E9DmeoTjzunhk5faZ6oI']}
Mission Impossible,0,Mission Impossible - The Tram, 6,3,{'nbc': ['2tf64tznmiwbxVXuW_T6bJsIa0lZR6OW']}
Mission Impossible,0,Mission Impossible - Mind Bend, 6,4,{'nbc': ['WeU19hD90rgpDCR5Jqg_iY4h_sPFHyZ4']}
Mission Impossible,0,Mission Impossible - Shape-Up, 6,5,{'nbc': ['naRbFSoXr0Fk0OLAteaYlx0MIqHgGWo0']}
Mission Impossible,0,Mission Impossible - The Miracle, 6,6,{'nbc': ['qoIJMI7hL4XTIwJHtnp_adaTAMmID9ak']}
Mission Impossible,0,Mission Impossible - Encounter, 6,7,{'nbc': ['NMo_2A_fgsfuh4rrufnCdAqcRcZTYXvy']}
Mission Impossible,0,Mission Impossible - Underwater, 6,8,{'nbc': ['0SwlNicZyYpkX0wzek6L3_7rZlhYkFgE']}
Mission Impossible,0,Mission Impossible - Invasion, 6,9,{'nbc': ['E_BjmXhAdotFhJSGIk__Rw_uXCITc2vA']}
Mission Impossible,0,Mission Impossible - Blues, 6,10,{'nbc': ['rPz8RTFWBmh4K9XoMPSatpYaiYYnnlMP']}
Mission Impossible,0,Mission Impossible - The Visitors, 6,11,{'nbc': ['6yOmFqzs5QQFPb2NodNBHkzFI4g0uC_v']}
Mission Impossible,0,Mission Impossible - Nerves, 6,12,{'nbc': ['fWx_ijW58dvB5R7jXVvbRFOvuO8QzyQM']}
Mission Impossible,0,Mission Impossible - Bag Woman, 6,19,{'nbc': ['FD35BEE2-3E4E-25D5-33F3-0BBB308D9BAB']}
Mission Impossible,0,Mission Impossible - Double Dead, 6,20,{'nbc': ['pjxhIjUhNe1vDYglRcgwtHHkAB__p2C5']}
Mission Impossible,0,Mission Impossible - Break, 7,1,{'nbc': ['QX0A_V38hnvINHGKioZCBB76_9Ko2l1J']}
Mission Impossible,0,Mission Impossible - Two Thousand, 7,2,{'nbc': ['k9Jr3bhA5CyN27BAInCniGQjiqrz4vWR']}
Mission Impossible,0,Mission Impossible - The Deal, 7,3,{'nbc': ['FsmPpKFNDATqa_aPRTU79jsFI5Aoeqhg']}
Mission Impossible,0,Mission Impossible - Leona, 7,4,{'nbc': ['VEPvRZzVpTmB2kCwCSy3u3hHMVGO9Eg8']}
Mission Impossible,0,Mission Impossible - TOD-5, 7,5,{'nbc': ['f72Kp80qo2MgjCu1Y5rsKEddXzDjKNvn']}
Mission Impossible,0,Mission Impossible - Cocaine, 7,6,{'nbc': ['dwKOwwwysqsaDXPJoQD7_Vz2H_8G8dmr']}
Mission Impossible,0,Mission Impossible - Underground, 7,7,{'nbc': ['K9Skez4xveTM_FFlSsU8uhRMkec696aV']}
Mission Impossible,0,Mission Impossible - Movie, 7,8,{'nbc': ['SvgUmQv4fbHmQizoCpMf3_7FLZNPzMyR']}
Mission Impossible,0,Mission Impossible - Hit, 7,9,{'nbc': ['cJGaR7_Y0LgzXfSoMA1xm6O4sEBEilml']}
Mission Impossible,0,Mission Impossible - Ultimatum, 7,10,{'nbc': ['XBjjfEtmUk2K2TrkzyQ2DXRrf_8qqXPA']}
Mission Impossible,0,Mission Impossible - Kidnap, 7,11,{'nbc': ['GA84n6hzDwe_cxvgxqgFoIIIrDxpI32E']}
Mission Impossible,0,Mission Impossible - Crack-Up, 7,12,{'nbc': ['HUNMtmZTY7d8dDCduZKVzCbHpkK_iEo_']}
Mission Impossible,0,Mission Impossible - Speed, 7,19,{'nbc': ['m0TtgaZ_cm6Q2BE4kGSub4zhNHw9B74n']}
Mission Impossible,0,Mission Impossible -The Pendulum, 7,20,{'nbc': ['eaQivITbsTGQfoXwA0tMTFGigM5pH2dF']}
Nash Bridges,0,Nash Bridges - Skirt Chasers, 1,3,{'nbc': ['40A6A632-6C80-70BD-6587-433E70D97997']}
Nash Bridges,0,Nash Bridges - High Impact, 1,4,{'nbc': ['0659A5F3-3135-C584-07C3-433E70D95BF6']}
Nash Bridges,0,Nash Bridges - Wrecking Crews, 1,10,{'nbc': ['F7B26E3F-5DF1-6748-FB88-433E70D99CAF']}
Nash Bridges,0,Nash Bridges - Trackdown, 1,11,{'nbc': ['6E5E2DB3-1615-BDBB-9471-433E70D977C1']}
Nash Bridges,0,Nash Bridges - Zodiac, 2,3,{'nbc': ['E1CE8305-A5D3-2B93-CAD9-43C0BD1D927F']}
Nash Bridges,0,Nash Bridges - Promised Land, 2,5,{'nbc': ['GEkhf_Bosq2EAIMGNf6hFEA62S_fRPrx']}
Nash Bridges,0,Nash Bridges - Hit Parade, 2,6,{'nbc': ['0D7729B7-8363-DEDE-AB3B-43D13D177241']}
Nash Bridges,0,Nash Bridges - Inside Out, 2,9,{'nbc': ['B9BA0130-6D27-00CF-CF89-475C508C51BD']}
Nash Bridges,0,Nash Bridges - Road Work, 2,8,{'nbc': ['67948070-1C2C-F2B8-A13F-43D13D170319']}
Nash Bridges,0,Nash Bridges - The Web, 2,11,{'nbc': ['bbpMLiiKSQ6j6q9ujUn_i_XwtvmdjuqG']}
Nash Bridges,0,Nash Bridges - Knockout, 2,12,{'nbc': ['u8w_FHudPHTeUREJ8XQugtC6nPJg_QFo']}
Nash Bridges,0,Nash Bridges - Gun Play, 2,13,{'nbc': ['D4884049-51CE-A453-1D46-475C508D13B4']}
Nash Bridges,0,Nash Bridges - Rampage, 2,14,{'nbc': ['EVrgKhfeoAMsQkgGesyt_ZakqryQZLht']}
Nash Bridges,0,Nash Bridges - Out Of Chicago, 2,15,{'nbc': ['xPmK5IanzNgS37x_fVEi1SDSdNanW3ze']}
Nash Bridges,0,Nash Bridges - Moving Target, 2,16,{'nbc': ['W2HZ_ldNu7prmBgFPOVABrQDY8k9znWR']}
Nash Bridges,0,Nash Bridges - Wild Card, 2,17,{'nbc': ['G9yS_wmoiEqtwRK8CWD1FAJyzj4KjV4j']}
Nash Bridges,0,Nash Bridges - Lost And Found, 3,1,{'nbc': ['yEx7aGL1_twgvq_raxPOIWiAcEGiAlyI']}
Nash Bridges,0,"Nash Bridges - Shake, Rattle & Roll", 3,2,{'nbc': ['MX2DWyUDANUxsxFPsDv3Yhd5rQu8ZuVa']}
Nash Bridges,0,Nash Bridges - One Flew Over The Cudas Nest, 3,3,{'nbc': ['B232959A-C081-A382-3C13-FD41524FED61']}
Nash Bridges,0,Nash Bridges - Blackout, 3,4,{'nbc': ['NMG3qJqFl5fhzgmftP5eW_1R2n8QMqm_']}
Nash Bridges,0,Nash Bridges - Revelations, 3,8,{'nbc': ['RtqVdQx9w8Yy_8mGHJk9I_j_pyk6FMvT']}
Nash Bridges,0,Nash Bridges - Most Wanted, 3,9,{'nbc': ['wIlpcu0q72_f6UrIN3Kyo4VvXJLd0Q2_']}
Nash Bridges,0,Nash Bridges - Bombshell, 3,10,{'nbc': ['cW9Z1OkawAviLcZHFjg_nhwC3BwuIg2k']}
Nash Bridges,0,Nash Bridges - Dirty Tricks, 3,11,{'nbc': ['89Fn0pgiO3alSgjPQ48gpN1ZCS_6KeyH']}
Nash Bridges,0,Nash Bridges - Crossfire, 3,12,{'nbc': ['ho_3fPe2ltwESoOdC5IfdZg_rOYtkLpy']}
Nash Bridges,0,Nash Bridges - Skin Deep, 3,15,{'nbc': ['WCdyoRSgG_ZBQNTeTGCRZQ46dddPsjW6']}
Nash Bridges,0,Nash Bridges - Danger Zone, 3,19,{'nbc': ['5nU47BQELtiw4ZGYbkBegMvEuzoHCQCP']}
Nash Bridges,0,Nash Bridges - High Fall, 4,1,{'nbc': ['xTW70mC8f3u5dn0kQP398VFuUGSV1T9L']}
Nash Bridges,0,Nash Bridges - Hot Prowler, 4,3,{'nbc': ['l5akSmq5zzz2VTg2WBzZxe4aL6cuAnZu']}
Nash Bridges,0,Nash Bridges - Overdrive, 4,4,{'nbc': ['far98Ml4shYjBWqwci9EfiP80a6aXP6l']}
Nash Bridges,0,Nash Bridges - Apocalypse Nash, 4,5,{'nbc': ['0rgepwjuTwlUe0sx8YTXuDDW99iGsxfe']}
Nash Bridges,0,Nash Bridges - Mystery Dance, 4,11,{'nbc': ['_o2G6hyag1wosfUW_YY9my9YsGeUcDyA']}
Nash Bridges,0,Nash Bridges - Resurrection, 4,15,{'nbc': ['7lfQw0w_onuwer2_C0pW5VzdvcPl6fAs']}
Nash Bridges,0,Nash Bridges - Hide And Seek, 4,17,{'nbc': ['rhYORbK7bxhzEvrpmhSFNxdbSoYtjaJO']}
Nash Bridges,0,Nash Bridges - Boom Town, 4,18,{'nbc': ['KTvDigEKZO50Ut22GV3SCUNWrJ2t7OGP']}
Nash Bridges,0,Nash Bridges - Angel Of Mercy, 4,19,{'nbc': ['iy71vjsFDIMm4igtaXTUuUwhkEl0XMF1']}
Nash Bridges,0,Nash Bridges - Truth And Consequences, 5,1,{'nbc': ['kbIRJ2nhkYz_uUgCJDRwLKMwDKZM6G7_']}
Nash Bridges,0,Nash Bridges - Smash And Grab, 5,3,{'nbc': ['Wlcf8lxfQhyHsR0jxfKfDMzZVo21CzdT']}
Nash Bridges,0,Nash Bridges - Curve Ball, 5,6,{'nbc': ['EwphbTOJymzZ4jYuGu_Nv0Ylyzbw2B8x']}
Nash Bridges,0,Nash Bridges - Get Bananas, 5,8,{'nbc': ['RRHO0rcg32QuH5sfSKZOwNdDiVoX12Xq']}
Nash Bridges,0,Nash Bridges - Kill Switch, 5,10,{'nbc': ['DdybmiXiZeSmVvjFP8cZJWdTp7DSChmv']}
Nash Bridges,0,Nash Bridges - Liar's Poker, 5,13,{'nbc': ['ZTn73l_9_TAGMMibK2Bq3kc2JQmJzSQD']}
Nash Bridges,0,Nash Bridges - Rock And A Hard Place, 6,1,{'nbc': ['8yGE9m7H5uKw4plWamFzn1GMFCA_ZHyQ']}
Nash Bridges,0,Nash Bridges - Lap Dance, 6,3,{'nbc': ['F_E_24zNJIdkgYtRY_aKTRAJIBsCf10v']}
Perry Mason,0,Perry Mason - The Case Of The Restless Redhead, 1,1,{'nbc': ['656719158']}
Perry Mason,0,Perry Mason - The Case Of The Sleepwalker's Niece, 1,2,{'nbc': ['656760366']}
Perry Mason,0,Perry Mason - The Case Of The Nervous Accomplice, 1,3,{'nbc': ['656754653']}
Perry Mason,0,Perry Mason - The Case Of The Drowning Duck, 1,4,{'nbc': ['656754689']}
Perry Mason,0,Perry Mason - The Case Of The Sulky Girl, 1,5,{'nbc': ['656760392']}
Perry Mason,0,Perry Mason - The Case Of The Silent Partner, 1,6,{'nbc': ['656767568']}
Perry Mason,0,Perry Mason - The Case Of The Angry Mourner, 1,7,{'nbc': ['656771709']}
Perry Mason,0,Perry Mason - The Case Of The Crimson Kiss, 1,8,{'nbc': ['656771742']}
Perry Mason,0,Perry Mason - The Case Of The Vagabond Vixen, 1,9,{'nbc': ['656778416']}
Perry Mason,0,Perry Mason - The Case Of The Runaway Corpse, 1,10,{'nbc': ['656781970']}
Perry Mason,0,Perry Mason - The Case Of The Crooked Candle, 1,11,{'nbc': ['656781994']}
Perry Mason,0,Perry Mason - The Case Of The Negligent Nymph, 1,12,{'nbc': ['656786969']}
Perry Mason,0,Perry Mason - The Case Of The Haunted Husband, 1,19,{'nbc': ['657941100']}
Perry Mason,0,Perry Mason - The Case Of The Lonely Heiress, 1,20,{'nbc': ['657947076']}
Perry Mason,0,Perry Mason - The Case of the Corresponding Corpse, 2,1,{'nbc': ['IHE_qf1eJWw_hz2dIFlNS8M693ocEMNO']}
Perry Mason,0,Perry Mason - The Case of the Lucky Loser, 2,2,{'nbc': ['690891596']}
Perry Mason,0,Perry Mason - The Case of the Pint-Sized Client, 2,3,{'nbc': ['439C7B1B-77FA-CE64-362F-08CAC894DA4B']}
Perry Mason,0,Perry Mason - The Case of the Sardonic Sergeant, 2,4,{'nbc': ['690900081']}
Perry Mason,0,Perry Mason - The Case of the Curious Bride, 2,5,{'nbc': ['690904588']}
Perry Mason,0,Perry Mason - The Case of the Buried Clock, 2,6,{'nbc': ['692086562']}
Perry Mason,0,Perry Mason - The Case of the Married Moonlighter, 2,7,{'nbc': ['692098592']}
Perry Mason,0,Perry Mason - The Case of the Jilted Jockey, 2,8,{'nbc': ['692126950']}
Perry Mason,0,Perry Mason - The Case of the Purple Woman, 2,9,{'nbc': ['692195498']}
Perry Mason,0,Perry Mason - The Case of the Fancy Figures, 2,10,{'nbc': ['692208592']}
Perry Mason,0,Perry Mason - The Case of the Perjured Parrot, 2,11,{'nbc': ['692214588']}
Perry Mason,0,Perry Mason - The Case of the Shattered Dream, 2,12,{'nbc': ['692220373']}
Perry Mason,0,Perry Mason - The Case of the Bedeviled Doctor, 2,22,{'nbc': ['692264627']}
Perry Mason,0,Perry Mason - The Case of the Howling Dog, 2,23,{'nbc': ['9E8D1661-CDA7-3C0D-9903-08CAC894E773']}
Perry Mason,0,Perry Mason - The Case of the Spurious Sister, 3,1,{'nbc': ['4sRJQStpIUkbckhmv2WGbcA8n5Pauwf_']}
Perry Mason,0,Perry Mason - The Case of the Watery Witness, 3,2,{'nbc': ['tDX_G3i3Fkh1MikCdjH_hCyVJZ4Qb4T1']}
Perry Mason,0,Perry Mason - The Case of the Garrulous Gambler, 3,3,{'nbc': ['Zrfi3kjIbWkeFJLWJq4fd95o2rvs7nPi']}
Perry Mason,0,Perry Mason - The Case of the Blushing Pearls, 3,4,{'nbc': ['t9ytl9yBrATuKGxk55sEXW5aj1rsXe8p']}
Perry Mason,0,Perry Mason - The Case of the Startled Stallion, 3,5,{'nbc': ['QrrWCzmFW7YufCI_QfmvdZQL8jFihHX6']}
Perry Mason,0,Perry Mason - The Case of the Golden Fraud, 3,7,{'nbc': ['otcHcl_hm5h6y6rTRGsW9IX0zk_7bCqX']}
Perry Mason,0,Perry Mason - The Case of the Bartered Bikini, 3,8,{'nbc': ['DnHJOx1p_jst1_y5W4wYiRE7E8eN3RQA']}
Perry Mason,0,Perry Mason - The Case of the Artful Dodger, 3,9,{'nbc': ['iCQxNFKn0rCePxfL8XzLbrvUGtSDmfC0']}
Perry Mason,0,Perry Mason - The Case of the Lucky Legs, 3,10,{'nbc': ['4PfFMSNAnspmXFc1pRM2y8O025BN9TY8']}
Perry Mason,0,Perry Mason - The Case of the Violent Village, 3,11,{'nbc': ['2zlXJCDEwGa7ffWm3t61lHveo9uMw13M']}
Perry Mason,0,Perry Mason - The Case of the Frantic Flyer, 3,12,{'nbc': ['s70_Vxw8ZFQhqM47qdglXehF4tJxEjb8']}
Perry Mason,0,Perry Mason - The Case of the Wayward Wife, 3,13,{'nbc': ['jDNR33ZswRbxTOwS1QDIqhma66zfuANI']}
Perry Mason,0,Perry Mason - The Case of the Madcap Modiste, 3,22,{'nbc': ['090288AA-8C09-8953-8D51-3AC38ED5909F']}
Perry Mason,0,Perry Mason - The Case of the Ominous Outcast, 3,24,{'nbc': ['9_Fvgj0if6Im9Ryhe00bR_dyMvJNPEZR']}
Perry Mason,0,Perry Mason - The Case of the Treacherous Toupee, 4,1,{'nbc': ['AmPAWC6uKYEJ0W4cqHP_PK_qTH22ZARk']}
Perry Mason,0,Perry Mason - The Case of the Credulous Quarry, 4,2,{'nbc': ['_96aePxHQmtjnFeZbrnoQrjzdJFwmBSr']}
Perry Mason,0,Perry Mason - The Case of the Ill-Fated Faker, 4,3,{'nbc': ['IwR4d5DLkZTudh11ny0ajIM4d4teIKw3']}
Perry Mason,0,Perry Mason - The Case of the Singular Double, 4,4,{'nbc': ['MaOwJZ4_GiBG_YhN6RxEQ8RiaU_Eb87s']}
Perry Mason,0,Perry Mason - The Case of the Lavender Lipstick, 4,5,{'nbc': ['Yjr2qXDu_7ngZezCS2dl7b3ix5fHgHVb']}
Perry Mason,0,Perry Mason - The Case of the Wandering Widow, 4,6,{'nbc': ['h4rQ3L_OiNyRBIC1pfV0mXftkwtM4Q2E']}
Perry Mason,0,Perry Mason - The Case of the Clumsy Clown, 4,7,{'nbc': ['JCOlQU25Tu0zkgCbb3_ESrM_nzhyX8X4']}
Perry Mason,0,Perry Mason - The Case of the Provocative Protg, 4,8,{'nbc': ['Hy9mn6FB917rkFfMeQgMGWndN0wZ40q8']}
Perry Mason,0,Perry Mason - The Case of the Nine Dolls, 4,9,{'nbc': ['2kYfcXSk4Ry9iuoEIG7xpKu6Ihzc21O6']}
Perry Mason,0,Perry Mason - The Case of the Larcenous Lady, 4,12,{'nbc': ['9ES6IN0cEUia3QVBP9TkuhiNs6w8CEPS']}
Perry Mason,0,Perry Mason - The Case of the Resolute Reformer, 4,14,{'nbc': ['eRCyYT2gTNnwgY7d8Fc5CeOwF72u3nUu']}
Perry Mason,0,Perry Mason - The Case of the Fickle Fortune, 4,15,{'nbc': ['w0AMVRF9Wx_7RS7F3DJxJj2xuRqjQe7J']}
Perry Mason,0,Perry Mason - The Case of the Guilty Clients, 4,28,{'nbc': ['QU0NYAZo6hv1vLoIb_3rpQ1IIg3R6ozY']}
Perry Mason,0,Perry Mason - The Case Of The Restless Redhead, 4,1,{'nbc': ['656719158']}
Perry Mason,0,Perry Mason - The Case of the Jealous Journalist, 5,1,{'nbc': ['ifDjWdrV4jgl3pFEsDyqvsNuGwXAwUMA']}
Perry Mason,0,Perry Mason - The Case of the Impatient Partner, 5,2,{'nbc': ['_5ZfzeXfXb0rCybZsw_yK3Xr1vtGDc4R']}
Perry Mason,0,Perry Mason - The Case of the Meddling Medium, 5,6,{'nbc': ['a_T8oRVc_3qDmXkWHWZjZG1_2mZblgKd']}
Perry Mason,0,Perry Mason - The Case of the Pathetic Patient, 5,7,{'nbc': ['BPV5kNs1w9jbNRCVGey1wfK8PKLzK95J']}
Perry Mason,0,Perry Mason - The Case of the Posthumous Painter, 5,9,{'nbc': ['C9115DA8-F22D-B4E8-2C17-3AC38ED5A128']}
Perry Mason,0,Perry Mason - The Case of the Injured Innocent, 5,10,{'nbc': ['wNI9CfpnuhkSEPPokGtdPat10svtvBrX']}
Perry Mason,0,Perry Mason - The Case of the Left-Handed Liar, 5,11,{'nbc': ['83PADqnQ6apQb48N3GSEZyOjva_yhpwq']}
Perry Mason,0,Perry Mason - The Case of the Renegade Refugee, 5,13,{'nbc': ['CoVS5fgfrZa5pxA5GG6r6sJ6o8BtzSQr']}
Perry Mason,0,Perry Mason - The Case of the Unwelcome Bride, 5,14,{'nbc': ['xtirOIF2c1t5JsKs31NC9uhiILVp3NB1']}
Perry Mason,0,Perry Mason - The Case of the Roving River, 5,15,{'nbc': ['U2A3zV_8cyijR2M64OZTZcfYU86ptCd0']}
Perry Mason,0,Perry Mason - The Case of the Captain's Coins, 5,17,{'nbc': ['uTE1fcx28NsCTq3cdtGj9zOH2iLK6qAZ']}
Perry Mason,0,Perry Mason - The Case of the Glamorous Ghost, 5,19,{'nbc': ['JBio89jWUlTSXjDQ3EOXmmCWmTV_oztC']}
Perry Mason,0,Perry Mason - The Case Of The Sleepwalker's Niece, 5,2,{'nbc': ['656760366']}
Perry Mason,0,Perry Mason - The Case Of The Nervous Accomplice, 5,3,{'nbc': ['656754653']}
S.W.A.T.,0,Fences ,1,13,{'nbc': ['JXFN6jmSsWN95GlBfaX49jf1VQl60gCK']}
S.W.A.T.,0,Contamination ,1,12,{'nbc': ['bjA6T_nwpaSQshidtRtvzwYPP06Jph_T']}
S.W.A.T.,0,K-Town ,1,11,{'nbc': ['9gPAeiSiGzHNf259vWdVegOgUPppj9F4']}
S.W.A.T.,0,eizure ,1,10,{'nbc': ['InJtVw8TUMWMvhQiBzc6gZUhMX7j_Xkp']}
S.W.A.T.,0,Blindspots ,1,9,{'nbc': ['Ln8x7o_YpzKZAWPUjDFvsoUgLO8InFW_']}
S.W.A.T.,0,Miracle ,1,8,{'nbc': ['hXbYKCx3Z27Y3X949p3XpjlsSGSv6lQv']}
S.W.A.T.,0,Homecoming ,1,7,{'nbc': ['M1nKSFO_44C2mUZUWitYLADjfx1vNF2q']}
S.W.A.T.,0,Octane ,1,6,{'nbc': ['z7frTodB_AObYttf55AFzR_U4UeZbHXl']}
S.W.A.T.,0,Imposters ,1,5,{'nbc': ['9Ey93mMPhcJdyvFxIjuMrLyoSg1_bCq8']}
S.W.A.T.,0,Radical ,1,4,{'nbc': ['DsfeTS5WOq63Ni0lM_4bBL69_9j6us8T']}
S.W.A.T.,0,Pamilya ,1,3,{'nbc': ['IGWMgUfR9yEvC8u1dgx98s5RJSNkxckr']}
S.W.A.T.,0,Cuchillo ,1,2,{'nbc': ['gNh6mAM_1U1bg9L9TkfIHo6QNbVGAk83']}
S.W.A.T.,0,Pilot ,1,1,{'nbc': ['uNg5JtdxTXQnX1JbFHhdwBQXavYzkoin']}
Sabrina The Teenage Witch,0,"Sabrina, the Teenage Witch - Pilot", 1,1,{'nbc': ['FIfu_KRzyCVRBS0jtSU5leCFgxOIQfZc']}
Sabrina The Teenage Witch,0,"Sabrina, the Teenage Witch - Bundt Friday", 1,2,{'nbc': ['iZHcegZA7KIrMtO_SpcQOO_X4OLG7k_F']}
Sabrina The Teenage Witch,0,"Sabrina, the Teenage Witch - The True Adventures of Rudy Kazootie", 1,3,{'nbc': ['nvUdmE3zmG2v9fsTRE9aGX5ZbLnZ4hn3']}
Sabrina The Teenage Witch,0,"Sabrina, the Teenage Witch - Terrible Things", 1,4,{'nbc': ['8EP9xrzGIZjtLXy_2RVwmpNo9___jwRg']}
Sabrina The Teenage Witch,0,"Sabrina, the Teenage Witch - A Halloween Story", 1,5,{'nbc': ['rBTPBShOUBCPEffIrClpwKgghZ9ANdM7']}
Sabrina The Teenage Witch,0,"Sabrina, the Teenage Witch - Dream Date", 1,6,{'nbc': ['9coxmrqKJswY2zknWK5BC1JO4dplrIDq']}
Sabrina The Teenage Witch,0,"Sabrina, the Teenage Witch - 3rd Aunt from the Sun", 1,7,{'nbc': ['9tfvdgyYIINAg2Ij43plWCgAaL5iovZh']}
Sabrina The Teenage Witch,0,"Sabrina, the Teenage Witch - Magic Joel", 1,8,{'nbc': ['L8T1k3qRtDiA_ilQLMmSpNMqOBs_54_0']}
Sabrina The Teenage Witch,0,"Sabrina, the Teenage Witch - Geek Like Me", 1,9,{'nbc': ['I4g9t_EWWGApO8pf3_e5lwMuIylz1E_U']}
Sabrina The Teenage Witch,0,"Sabrina, the Teenage Witch - Sweet N' Sour Victory", 1,10,{'nbc': ['eKHiYgB4jRn2b7uJ_LIY_9_y4ImWxFSE']}
Sabrina The Teenage Witch,0,"Sabrina, the Teenage Witch - A Girl and Her Cat", 1,11,{'nbc': ['tUcKAVexgEfviRXoyylUw8zSASNOQv42']}
Sabrina The Teenage Witch,0,"Sabrina, the Teenage Witch - Trial by Fury", 1,12,{'nbc': ['KfQfn6bLE82ZvgEaumAlm8RRURwWcYh1']}
Sabrina The Teenage Witch,0,"Sabrina, the Teenage Witch - Cat Showdown", 1,19,{'nbc': ['VXcT_ww8paqx2WZop7TOR0_ACwX7eAAn']}
Sabrina The Teenage Witch,0,"Sabrina, the Teenage Witch - Meeting Dad's Girlfriend", 1,20,{'nbc': ['_Y_czkbLVBdifKj_s8cODg7fvZeWNf0S']}
Sabrina The Teenage Witch,0,"Sabrina, the Teenage Witch - Sabrina Gets Her License (Part 1)", 2,1,{'nbc': ['KvKo7JV_l_YyTTyQVVJwzeF7_EV4yXmV']}
Sabrina The Teenage Witch,0,"Sabrina, the Teenage Witch - Sabrina Gets Her License (Part 2)", 2,2,{'nbc': ['tpxWED9_48L8DjgSdSd5DF72NSTEl0Ji']}
Sabrina The Teenage Witch,0,"Sabrina, the Teenage Witch - Dummy For Love", 2,3,{'nbc': ['JjoJnj6RUlmZKBni6khP2AMtYj1mPyvO']}
Sabrina The Teenage Witch,0,"Sabrina, the Teenage Witch - Dante's Inferno", 2,4,{'nbc': ['Zma6iE1i7KI0q4N7QbB9gPJdi_kVECuk']}
Sabrina The Teenage Witch,0,"Sabrina, the Teenage Witch - A Doll's Story", 2,5,{'nbc': ['GK8BpEoc1qeVeutfI8_OE7SGah7Mlj3b']}
Sabrina The Teenage Witch,0,"Sabrina, the Teenage Witch - Sabrina The Boy", 2,6,{'nbc': ['2eMYeLbduyj_W__kAFXwQ_PZJS8bvEVf']}
Sabrina The Teenage Witch,0,"Sabrina, the Teenage Witch - A River Of Candy Corn Runs Through It", 2,7,{'nbc': ['CtOrbHsaJ834I6lCdY1MCnxIC_9501rU']}
Sabrina The Teenage Witch,0,"Sabrina, the Teenage Witch - Inna Gadda Sabrina", 2,8,{'nbc': ['_w435SbXLrmkd3D8jXnQ_XTj7ZjaC8G_']}
Sabrina The Teenage Witch,0,"Sabrina, the Teenage Witch - Witch Trash", 2,9,{'nbc': ['TGJjo8SthbDJkLkfIYeDr4A8xrrndm_r']}
Sabrina The Teenage Witch,0,"Sabrina, the Teenage Witch - To Tell A Mortal", 2,10,{'nbc': ['4B4dIoKamolXqpCXJRcyWp5lqVuCKNCX']}
Sabrina The Teenage Witch,0,"Sabrina, the Teenage Witch - Oh What A Tangled Spell She Weaves", 2,11,{'nbc': ['gxR1i9M4Su_Gs557g1OEMbH99gAA7BCO']}
Sabrina The Teenage Witch,0,"Sabrina, the Teenage Witch - Sabrina Claus", 2,12,{'nbc': ['wMYANKaH9lgPDNUODOGWY1CSprvw5gqT']}
Sabrina The Teenage Witch,0,"Sabrina, the Teenage Witch - When Teens Collide", 2,19,{'nbc': ['F4q_RTu5KilywrjSaNMd6_lbngmCbMmA']}
Sabrina The Teenage Witch,0,"Sabrina, the Teenage Witch - My Nightmare The Car", 2,20,{'nbc': ['ifKmmWT5IiNg7pnksqI9sS5Ou2fwu1HX']}
Sabrina The Teenage Witch,0,"Sabrina, the Teenage Witch - It's a Mad Mad Mad Mad Season Opener", 3,1,{'nbc': ['15B31NHIcj3_71tbOYeqtOjboUID9kP8']}
Sabrina The Teenage Witch,0,"Sabrina, the Teenage Witch - Boy Was My Face Red", 3,2,{'nbc': ['9F8_kOFyul_TQIY5o4qswVlugx_IjPCO']}
Sabrina The Teenage Witch,0,"Sabrina, the Teenage Witch - Suspicious Minds", 3,3,{'nbc': ['CyuXd74VEkdMqwkMzI_Tb3QRqPo6ZxIf']}
Sabrina The Teenage Witch,0,"Sabrina, the Teenage Witch - The Pom-Pom Incident", 3,4,{'nbc': ['bKTgCWdOB2ICG6IM_CtEOEUzGOXf_4Um']}
Sabrina The Teenage Witch,0,"Sabrina, the Teenage Witch - Pancake Madness", 3,5,{'nbc': ['_x9Ncf9ikHSib3vSxaV3x0zeoaSg03cD']}
Sabrina The Teenage Witch,0,"Sabrina, the Teenage Witch - Good Will Haunting", 3,6,{'nbc': ['wxUbz_4oRQqzB_NGXFgP3SKJu5b55OHy']}
Sabrina The Teenage Witch,0,"Sabrina, the Teenage Witch - You Bet Your Family", 3,7,{'nbc': ['vlP709662GfrKe3fMVYsGkdCxksN30_h']}
Sabrina The Teenage Witch,0,"Sabrina, the Teenage Witch - And The Sabrina Goes To", 3,8,{'nbc': ['pv8JsnvQT0bvk0NpK7MS58EHbSGMuOEF']}
Sabrina The Teenage Witch,0,"Sabrina, the Teenage Witch - Nobody Nose "" Libby Like Sabrina Nose"" Libby", 3,9,{'nbc': ['z0GmgLv2BUD24sp9RdQoeNRoSW6jwsE7']}
Sabrina The Teenage Witch,0,"Sabrina, the Teenage Witch - Sabrina and The Beast", 3,10,{'nbc': ['3kjF0glpcOr_T7qivoBBR6IhUJ41e0F_']}
Sabrina The Teenage Witch,0,"Sabrina, the Teenage Witch - Christmas Amnesia", 3,11,{'nbc': ['7Im9KWAY5X0rOJqruEPZFYwTYeoe0DL2']}
Sabrina The Teenage Witch,0,"Sabrina, the Teenage Witch - Whose So-Called Life Is It Anyway?", 3,12,{'nbc': ['YRCvANWnIWt4pOb5znbGRoODyR_NbcZ3']}
Sabrina The Teenage Witch,0,"Sabrina, the Teenage Witch - The Big Sleep", 3,19,{'nbc': ['0R3nVx2m4eYmkyKCLBe2VPK3Us06BnCp']}
Sabrina The Teenage Witch,0,"Sabrina, the Teenage Witch - Sabrina's Pen Pal", 3,20,{'nbc': ['D5ZDviUGdXQm0rBwk19k7xXawT_Wgw8x']}
Sabrina The Teenage Witch,0,"Sabrina, the Teenage Witch- No Place Like Home", 4,1,{'nbc': ['OW7_Rf_PQlfCn8os_k1Ak3SyQ_gOKrvU']}
Sabrina The Teenage Witch,0,"Sabrina, the Teenage Witch- Dream a Little Dreama Me", 4,2,{'nbc': ['pj4w8zRiX0DB_NyLWWjSrzlup8Oyt3Nv']}
Sabrina The Teenage Witch,0,"Sabrina, the Teenage Witch - Jealousy", 4,3,{'nbc': ['gkx4lmvE6Saz5MEip1EC4rd32LguIKnv']}
Sabrina The Teenage Witch,0,"Sabrina, the Teenage Witch - Little Orphan Hilda", 4,4,{'nbc': ['U4_IYbPuh0ZP7BuR0dy69ujaTfUFWv3I']}
Sabrina The Teenage Witch,0,"Sabrina, the Teenage Witch - Spoiled Rotten", 4,5,{'nbc': ['NC45DOonkamGzSY1KsYLDQ_Igb2Uh3QB']}
Sabrina The Teenage Witch,0,"Sabrina, the Teenage Witch - The Phantom Menace", 4,6,{'nbc': ['AejmqKr8JmwQ1nmO5dGp4zdeGmyBkf8m']}
Sabrina The Teenage Witch,0,"Sabrina, the Teenage Witch - Prelude To A Kiss", 4,7,{'nbc': ['_Mz4_csu8G2CNrtMu6_eieBZa3j5uXQc']}
Sabrina The Teenage Witch,0,"Sabrina, the Teenage Witch - Aging Not So Gracefully", 4,8,{'nbc': ['LLT0Q9Qx_K1S7k8uDCo84nmsvd5O3H1M']}
Sabrina The Teenage Witch,0,"Sabrina, the Teenage Witch - Love Means Having To Say You're Sorry", 4,9,{'nbc': ['wazoMF5qtnUPhhYdEpwZ2QvDZJ58Sibe']}
Sabrina The Teenage Witch,0,"Sabrina, the Teenage Witch - Ice Station Sabrina", 4,10,{'nbc': ['RPzgJ8YHeeXIMLOH_xrL9dK_eRyl1qmV']}
Sabrina The Teenage Witch,0,"Sabrina, the Teenage Witch - Salem And Juliette", 4,11,{'nbc': ['XploVkE7tsVPMcEe_kXmOh91Fq8NkwAb']}
Sabrina The Teenage Witch,0,"Sabrina, the Teenage Witch - Sabrina Nipping At Your Nose", 4,12,{'nbc': ['kv_KaAxgSKwLDp8nELiN26d616eDYXPv']}
Sabrina The Teenage Witch,0,"Sabrina, the Teenage Witch- The Wild Wild Witch", 4,19,{'nbc': ['ABHr7gSzXwQpP7MeB1zu7SlmVWVMmUoA']}
Sabrina The Teenage Witch,0,"Sabrina, the Teenage Witch- She's Baaaack!", 4,20,{'nbc': ['YRXJoRQcP_8uR_hM_bcxx6Xc0GQ92Kaq']}
Sabrina The Teenage Witch,0,"Sabrina, the Teenage Witch - Every Witch Way But Loose", 5,1,{'nbc': ['_1C95bwmEeRHR03eZs4HqI2yqY1Bzino']}
Sabrina The Teenage Witch,0,"Sabrina, the Teenage Witch - Double Time", 5,2,{'nbc': ['MKXyEOhHQpInQEi_mE_Kio70MqpEclxu']}
Sabrina The Teenage Witch,0,"Sabrina, the Teenage Witch - Heart of the Matter", 5,3,{'nbc': ['mB_i_1ke_xBwarZtzBVUKGlnidWcNbfJ']}
Sabrina The Teenage Witch,0,"Sabrina, the Teenage Witch - You Can't Twin", 5,4,{'nbc': ['WfWPfuZzwLdSU4Xrd2i2Pj_Svpud8rq_']}
Sabrina The Teenage Witch,0,"Sabrina, the Teenage Witch - House of PI's", 5,5,{'nbc': ['DHmv4RCJ7ivgWLBphql1x_THAiM3YSwJ']}
Sabrina The Teenage Witch,0,"Sabrina, the Teenage Witch - The Halloween Scene", 5,6,{'nbc': ['pHxIXVQhS2EJE1Uo8_qEqIEIL1pooy80']}
Sabrina The Teenage Witch,0,"Sabrina, The Teenage Witch - Welcome Traveler", 5,7,{'nbc': ['vDu9usADW4ej_3MVCBOqaKOzsV74HeFe']}
Sabrina The Teenage Witch,0,"Sabrina, The Teenage Witch -Some Of My Best Friends Are Mortals", 5,8,{'nbc': ['WlO50hEtuirUVdix0fO2WI3w499XcJit']}
Sabrina The Teenage Witch,0,"Sabrina, The Teenage Witch - Lost At C", 5,9,{'nbc': ['Ym9xOqhEAjcl62nXXkDHzgoBBtDTWQn5']}
Sabrina The Teenage Witch,0,"Sabrina, The Teenage Witch - Sabrina's Perfect Christmas", 5,10,{'nbc': ['6ZQvA8DjutgfOaWwVqQ_4IpPyc9GmcGx']}
Sabrina The Teenage Witch,0,"Sabrina, The Teenage Witch - My Best Shot", 5,11,{'nbc': ['SM4IDSrncFLk3wMUhhc0_y4xHKbG30Vw']}
Sabrina The Teenage Witch,0,"Sabrina, the Teenage Witch - Tick-Tock Hilda's Clock", 5,12,{'nbc': ['KDEKCGWhD2usi_fUBVETF5mXNqGIk0u7']}
Sabrina The Teenage Witch,0,"Sabrina, the Teenage Witch - Sabrina the Activist", 5,19,{'nbc': ['XuclouGNfXUAtgO5bK9H4f8cbT3tE4KR']}
Sabrina The Teenage Witch,0,"Sabrina, the Teenage Witch - Do You See What I See?", 5,20,{'nbc': ['OkHzXcenCN41nkLX1dLy_UaRfk9Qbde_']}
Sabrina The Teenage Witch,0,"Sabrina, the Teenage Witch - Really Big Season Opener", 6,1,{'nbc': ['8DKo2bEVSsn034K776QW5uTUE_WqMbzP']}
Sabrina The Teenage Witch,0,"Sabrina, the Teenage Witch - Sabrina's Date with Destiny", 6,2,{'nbc': ['_5SRVc875I_hwq6wXMsE71ajb6yp7EY1']}
Sabrina The Teenage Witch,0,"Sabrina, the Teenage Witch - What's News", 6,3,{'nbc': ['IqksFjKspvlNgCocIge6hfnu3t66YUsf']}
Sabrina The Teenage Witch,0,"Sabrina, the Teenage Witch - Murder on the Halloween Express", 6,4,{'nbc': ['K1QUAZjcb_4T4fD6CmP1896ItCb61n9d']}
Sabrina The Teenage Witch,0,"Sabrina, the Teenage Witch - The Gift of Gab", 6,5,{'nbc': ['jZrIP7t4xBB9x5Z_y7DRxycHogtEY02B']}
Sabrina The Teenage Witch,0,"Sabrina, the Teenage Witch - Thin Ice", 6,6,{'nbc': ['pCnxRWrrJUmKtUEihjHvRnQhKtBhlL2T']}
Sabrina The Teenage Witch,0,"Sabrina, the Teenage Witch - Hex Lies and no Videotape", 6,7,{'nbc': ['nC_qHpYG_WfrwrImZPzqfezBAnUtFm_r']}
Sabrina The Teenage Witch,0,"Sabrina, the Teenage Witch - Humble Pie", 6,8,{'nbc': ['yB_Qhg9XzUabzL3BEFxzWETyiEuXDnt_']}
Sabrina The Teenage Witch,0,"Sabrina, the Teenage Witch - A Birthday Witch", 6,9,{'nbc': ['tOEFQcsGXgT_GjTsxhmBw2QuSRW9sCER']}
Sabrina The Teenage Witch,0,"Sabrina, the Teenage Witch - Deliver Us from Email", 6,10,{'nbc': ['3cVgGR8rzGN988BVV8O5hw9fFKM_Zf4N']}
Sabrina The Teenage Witch,0,"Sabrina, the Teenage Witch - Cloud Ten", 6,11,{'nbc': ['CYpngiAAmxenZWEwFTy6Mz5gqarLXjVm']}
Sabrina The Teenage Witch,0,"Sabrina, the Teenage Witch - Sabrina and the Candidate", 6,12,{'nbc': ['BtPzFYgc1OugCEzRJIJuzLRwcmPA3kNT']}
Sabrina The Teenage Witch,0,"Sabrina, the Teenage Witch - Guilty", 6,19,{'nbc': ['TDcJuYuXMXLHfOwjHawwXsAtpFa97UpU']}
Sabrina The Teenage Witch,0,"Sabrina, the Teenage Witch - The Whole Ball of Wax", 6,20,{'nbc': ['CLdvssV8kpzM63Phu8EZrKHsZtuys_27']}
Sabrina The Teenage Witch,0,"Sabrina, the Teenage Witch - Total Sabrina Live", 7,1,{'nbc': ['M_LM_2IfeBaqvtnGvludkSQFvAgtLQBE']}
Sabrina The Teenage Witch,0,"Sabrina, the Teenage Witch - The Big Head", 7,2,{'nbc': ['NXVOtLVm6WmZjCm8q6nAwJqfOPVNRuzG']}
Sabrina The Teenage Witch,0,"Sabrina, the Teenage Witch - Call Me Crazy", 7,3,{'nbc': ['353xF6mfYNK5ytgjlppWs_sWt4L2_YlB']}
Sabrina The Teenage Witch,0,"Sabrina, the Teenage Witch - Shift Happens", 7,4,{'nbc': ['_Jy9w77t2E4sCRUsOof6UvbYm9BdPmjm']}
Sabrina The Teenage Witch,0,"Sabrina, the Teenage Witch - Free Sabrina", 7,5,{'nbc': ['v5nMQ_lN_u6dmkcuZAiPd1StCeL_0JJO']}
Sabrina The Teenage Witch,0,"Sabrina, the Teenage Witch - Sabrina Unplugged", 7,6,{'nbc': ['OkKcA4pXJx73oFvYPRlvRLwwXq6jQHLz']}
Sabrina The Teenage Witch,0,"Sabrina, the Teenage Witch - Witch Way Out", 7,7,{'nbc': ['BM_KAMTL5if1PSGld_bYmZbrh5BipyUr']}
Sabrina The Teenage Witch,0,"Sabrina, the Teenage Witch - Bada Bing", 7,8,{'nbc': ['NEnjnLwijUpMFjhVvRl9QufSMimFOQsV']}
Sabrina The Teenage Witch,0,"Sabrina, the Teenage Witch - It's a Hot Hot Hot Christmas", 7,9,{'nbc': ['wJyzBPf6N5eC3BUCLXkeuNtNQFwTVXrx']}
Sabrina The Teenage Witch,0,"Sabrina, the Teenage Witch - Ping, Ping a Song", 7,10,{'nbc': ['x_syV_L_i05UQo_QV_OVEB_jRn8qMelG']}
Sabrina The Teenage Witch,0,"Sabrina, the Teenage Witch - The Lyin, The Witch, and The Wardrobe", 7,11,{'nbc': ['2F2p8knm654Cgn49VvbINE3wmLeecG_1']}
Sabrina The Teenage Witch,0,"Sabrina, the Teenage Witch - In Sabrina We Trust", 7,12,{'nbc': ['oBh6Kogdrsq8vgBj4T27StbqzMJZ5IRe']}
Sabrina The Teenage Witch,0,"Sabrina, the Teenage Witch - You Slay Me", 7,19,{'nbc': ['0C0rTFOquxOTQogb34tnORvrd4J6mRkD']}
Sabrina The Teenage Witch,0,"Sabrina, the Teenage Witch - A Fish Tale", 7,20,{'nbc': ['BldEDBSGoxvqAu0DL_DoQJJ6k4VFu6vT']}
Salvation,0,Pilot ,1,1,{'nbc': ['Ut7oV7CGOWILcSBTzB62c7FDcS84W916']}
Salvation,0,un ,1,2,{'nbc': ['1Ynn0EJp4Zbrk8tJoOk_svAYUeB2H1Ge']}
Salvation,0,Truth or Darius ,1,3,{'nbc': ['YF6B4axjd4jj7JSyqWI40gHo_kPklF3x']}
Salvation,0,train/Keeping the Faith ,1,"4, 5",{'nbc': ['quiNRmLfoBzXNqp5vSphpU__qiHcKFch']}
Salvation,0,Chip Off the Ol' Block ,1,6,{'nbc': ['vr_OyCxc_jzgFgVFfMC6yTmgGeqn0k1r']}
Salvation,0,"eeing Red/From Russia, With Love ",1,"7, 8",{'nbc': ['iaYmruQd_C9vPCyes2C8z0oGY2Z_Wxw5']}
Salvation,0,Patriot Games ,1,9,{'nbc': ['svbVdOWhyPrp0t4_VfRGQwADjKdgy8jO']}
Salvation,0,Coup de Grace ,1,10,{'nbc': ['b2BH9VS11p3P_PGlCypl1FCddEv0FihY']}
Salvation,0,All In ,1,11,{'nbc': ['7F99AC30-AEE9-EDE1-6632-5454BC878D9B']}
Salvation,0,The Wormwood Prophecy ,1,12,{'nbc': ['bpCI1mbbd9vTJck3xKiRXAsqVhFj5raW']}
Salvation,0,The Plot Against America ,1,13,{'nbc': ['BthyjNsvEVEsvbyE8oAbfvP__vwf2CcH']}
The Twilight Zone,0,The Twilight Zone - Where is Everybody?, 1,1,{'nbc': ['rkp0zUJrpmF29FTeRO_sMN9SGSmLL5Hh']}
The Twilight Zone,0,The Twilight Zone - One for the Angels, 1,2,{'nbc': ['621782496']}
The Twilight Zone,0,The Twilight Zone - Mr. Denton on Doomsday, 1,3,{'nbc': ['rrIlppUqFIy6FIYyYDPRAZXS6U3Ex_QI']}
The Twilight Zone,0,The Twilight Zone - The Sixteen-Millimeter Shrine, 1,4,{'nbc': ['b4wzsate5zk8FWFU0Ig7XeHFqZsL1ybS']}
The Twilight Zone,0,The Twilight Zone - Walking Distance, 1,5,{'nbc': ['621784048']}
The Twilight Zone,0,The Twilight Zone - Escape Clause, 1,6,{'nbc': ['seB9F40Q0lRia2AYSnk_wx3EeIXat9Qo']}
The Twilight Zone,0,The Twilight Zone - The Lonely, 1,7,{'nbc': ['86CzmPkE1iPJTaSylcjQBLMbwqosfZAU']}
The Twilight Zone,0,The Twilight Zone - Time Enough At Last, 1,8,{'nbc': ['626428813']}
The Twilight Zone,0,The Twilight Zone - Perchance to Dream, 1,9,{'nbc': ['621821714']}
The Twilight Zone,0,The Twilight Zone - Judgment Night, 1,10,{'nbc': ['_UwgRhPXsy18AjbbrMIMNda1KVBNUL1K']}
The Twilight Zone,0,The Twilight Zone - And When the Sky Was Opened, 1,11,{'nbc': ['4bTuEguACuKEAXZOXmrruLg6mKNhvXpn']}
The Twilight Zone,0,The Twilight Zone - What You Need, 1,12,{'nbc': ['621821747']}
The Twilight Zone,0,The Twilight Zone - The Purple Testament, 1,19,{'nbc': ['E7Mef8u0D9vCAYIS5Y_WvfQK_7lE__v8']}
The Twilight Zone,0,The Twilight Zone - Elegy, 1,20,{'nbc': ['OxrT0eQwRYNHG_wMhCk4ezvanQQYjJ3Z']}
The Twilight Zone,0,The Twilight Zone - King Nine Will Not Return, 2,1,{'nbc': ['7N_dZ7GxxK92_UMe2vmiu9hXm7_5pjqM']}
The Twilight Zone,0,The Twilight Zone - The Man in the Bottle, 2,2,{'nbc': ['_OOAjXxEXdpOS2ru9ut4pVsINfwEA8FW']}
The Twilight Zone,0,The Twilight Zone - Nervous Man in a Four Dollar Room, 2,3,{'nbc': ['622060558']}
The Twilight Zone,0,The Twilight Zone - A Thing About Machines, 2,4,{'nbc': ['dwQUCyj7noopXxgoj5es2R_oIImhSG6O']}
The Twilight Zone,0,The Twilight Zone - The Howling Man, 2,5,{'nbc': ['622069706']}
The Twilight Zone,0,The Twilight Zone - The Eye of the Beholder, 2,6,{'nbc': ['pW_a7hyUEm76NQ0UYB2QjcYCPC8uOu70']}
The Twilight Zone,0,The Twilight Zone - Nick of Time, 2,7,{'nbc': ['nFb0dCXsjc0Ol48ZRiBSLZexYb_TIB0U']}
The Twilight Zone,0,The Twilight Zone - The Lateness of the Hour, 2,8,{'nbc': ['WH7dtch_Ysv0pWHG5LTuYOOXSeXXPLkv']}
The Twilight Zone,0,The Twilight Zone - The Trouble With Templeton, 2,9,{'nbc': ['622069733']}
The Twilight Zone,0,The Twilight Zone - A Most Unusual Camera, 2,10,{'nbc': ['I4TaZJzyFew9qN11UYyIhuGDPD1mzpb0']}
The Twilight Zone,0,The Twilight Zone - The Night of the Meek, 2,11,{'nbc': ['622073531']}
The Twilight Zone,0,The Twilight Zone - Dust, 2,12,{'nbc': ['622074482']}
The Twilight Zone,0,"The Twilight Zone - Mr. Dingle, the Strong", 2,19,{'nbc': ['YB761Hl4nDO6wdur8gLeynR2K6IQZhDW']}
The Twilight Zone,0,The Twilight Zone - Static, 2,20,{'nbc': ['PZaCv_8H5tbnSnXebOVKhKeqCqN7r3q8']}
The Twilight Zone,0,The Twilight Zone - Two, 3,1,{'nbc': ['659848108']}
The Twilight Zone,0,The Twilight Zone - The Arrival, 3,2,{'nbc': ['659848150']}
The Twilight Zone,0,The Twilight Zone - The Shelter, 3,3,{'nbc': ['659852108']}
The Twilight Zone,0,The Twilight Zone - The Passerby, 3,4,{'nbc': ['659854805']}
The Twilight Zone,0,The Twilight Zone - A Game of Pool, 3,5,{'nbc': ['OH4RWXxf6DlDjDJKKgl_jqNGZm8TEdJM']}
The Twilight Zone,0,The Twilight Zone - The Mirror, 3,6,{'nbc': ['ivphUDFiCvlrGyyHj9wnK0_d88FIFkTp']}
The Twilight Zone,0,The Twilight Zone - The Grave, 3,7,{'nbc': ['659854850']}
The Twilight Zone,0,The Twilight Zone - It's a Good Life, 3,8,{'nbc': ['SniTwdAuK0KOO9bee2CSCWUl2SkTtiy4']}
The Twilight Zone,0,The Twilight Zone - Deaths-Head Revisited, 3,9,{'nbc': ['659857426']}
The Twilight Zone,0,The Twilight Zone - The Midnight Sun, 3,10,{'nbc': ['BWA1sAyUvgHUwkcHfTptOz0ow3RZHbas']}
The Twilight Zone,0,The Twilight Zone - Still Valley, 3,11,{'nbc': ['659860209']}
The Twilight Zone,0,The Twilight Zone - The Jungle, 3,12,{'nbc': ['im4QNMo_5mZ4FBcOZVa13FmjM9ZF7nPV']}
The Twilight Zone,0,The Twilight Zone - The Hunt, 3,19,{'nbc': ['659911538']}
The Twilight Zone,0,The Twilight Zone - Showdown With Rance McGrew, 3,20,{'nbc': ['5xOrSQrmhGZswM8IMqCo_Coy4k_09Cij']}
The Twilight Zone,0,The Twilight Zone - In His Image, 4,1,{'nbc': ['D3QcP9sW2Hr1cVvoREeQSyW3NHjHq6Z6']}
The Twilight Zone,0,The Twilight Zone - The Thirty-Fathom Grave, 4,2,{'nbc': ['Bs9mz77Wq4ATGVxPT91Tw6YksK2YyOI3']}
The Twilight Zone,0,The Twilight Zone - Valley of the Shadow, 4,3,{'nbc': ['b9SBBFWFbZK8_Tm0KZqrL5JP3y9URz4w']}
The Twilight Zone,0,The Twilight Zone - He's Alive, 4,4,{'nbc': ['Z_Cc2XmVFAUUm56ZjRhhQZzdTdHuDbHk']}
The Twilight Zone,0,The Twilight Zone - The Mute, 4,5,{'nbc': ['UIiC9_8t42XAP5E2MNM1h3JpjK0V6DfS']}
The Twilight Zone,0,The Twilight Zone - The Death Ship, 4,6,{'nbc': ['X0_h0IaO_UrBQhkA_JPrDaXgyADhxO3E']}
The Twilight Zone,0,The Twilight Zone - Jess-Belle, 4,7,{'nbc': ['_PLIlo_IfuCk3drHMm6PGzaceQklaKlk']}
The Twilight Zone,0,The Twilight Zone - Miniature, 4,8,{'nbc': ['tk6NkSv0I3dsM1ZwHZjeHtux6zPjC5cf']}
The Twilight Zone,0,The Twilight Zone - Printer's Devil, 4,9,{'nbc': ['5_pPBE1qNEWHSKyfkbUjEbJVZ_1tCDTQ']}
The Twilight Zone,0,The Twilight Zone - No Time Like the Past, 4,10,{'nbc': ['FSi_8xBYsUGIOz5tUG8MQpKFB8Itwt5R']}
The Twilight Zone,0,The Twilight Zone - The Parallel, 4,11,{'nbc': ['799H0a9Hn2fEy8BXVnrL1plp_xmH0Ie1']}
The Twilight Zone,0,The Twilight Zone - I Dream of Genie, 4,12,{'nbc': ['Dv578QWO_JDIjJY4twWx6Xm4fFqTeBbK']}
The Twilight Zone,0,The Twilight Zone - Where is Everybody?, 4,1,{'nbc': ['rkp0zUJrpmF29FTeRO_sMN9SGSmLL5Hh']}
The Twilight Zone,0,The Twilight Zone - One for the Angels, 4,2,{'nbc': ['621782496']}
The Twilight Zone,0,The Twilight Zone - In Praise of Pip, 5,1,{'nbc': ['3O6h5nlQjSUl_TYKzDp6P2s3A7txPnhZ']}
The Twilight Zone,0,The Twilight Zone - Steel, 5,2,{'nbc': ['qmOGwyEeUdj_rYU_WlV0ajMizsytiFP_']}
The Twilight Zone,0,"The Twilight Zone - Nightmare At 20,000 Feet", 5,3,{'nbc': ['2qB0psc8BfEqEijT47f8yH1cjqBoKosO']}
The Twilight Zone,0,The Twilight Zone - A Kind of a Stopwatch, 5,4,{'nbc': ['4aGTO6y8OTMYzlEPg_DuT5ytnuqYS_Ro']}
The Twilight Zone,0,The Twilight Zone - The Last Night of a Jockey, 5,5,{'nbc': ['arUQ8f83Bu_lqseaJ_tNRoelL8im1u__']}
The Twilight Zone,0,The Twilight Zone - Living Doll, 5,6,{'nbc': ['IGaDpZw7fU6GrB8RfsdnHqsPe0Ms2cor']}
The Twilight Zone,0,The Twilight Zone - The Old Man in the Cave, 5,7,{'nbc': ['ZYOKBwMPSFIyocTdS8zcvcfWUVage5pG']}
The Twilight Zone,0,The Twilight Zone - Uncle Simon, 5,8,{'nbc': ['x6m0f172ZPpFjBFSu5ucDTP0Xm12il28']}
The Twilight Zone,0,The Twilight Zone - Night Call, 5,9,{'nbc': ['JZMsFV6I9bbhWoT_UG2mwKuolZd9HQEQ']}
The Twilight Zone,0,"The Twilight Zone - Probe 7, Over and Out", 5,10,{'nbc': ['gss13G0sAQW2_7_RgovBQ5ysUQxAWaK9']}
The Twilight Zone,0,The Twilight Zone - The 7th Is Made Up of Phantoms, 5,11,{'nbc': ['hcgJ8HlD1N5OjpfUnVPTtGHYVc9x8Pwp']}
The Twilight Zone,0,The Twilight Zone - A Short Drink from a Certain Fountain, 5,12,{'nbc': ['O8NzfVeQyu7GS2UuUsPT20C0uXxGC4X3']}
The Twilight Zone,0,The Twilight Zone - Black Leather Jackets, 5,19,{'nbc': ['xbF47bEi8XGO0ZnADJ_BzVX9VCwRmc3j']}
The Twilight Zone,0,"The Twilight Zone - From Agnes, With Love", 5,20,{'nbc': ['Bsj6FyabERjGCWcSizSav9EU5kym1bcI']}
Wisdom Of,0,Pilot ,1,1,{'nbc': ['NRgupxrlTpJESq2U8XZd0_iqfG8MlZ8X']}
Wisdom Of,0,In The Wild ,1,2,{'nbc': ['ARXnZ5FAo8scflkOZ9hcDB8_cbQcs8WY']}
Wisdom Of,0,Machine Learning ,1,3,{'nbc': ['xQxxLLm4ZOCofIDd_Shgeeu7Sjjz_v5d']}
Wisdom Of,0,User Bias ,1,4,{'nbc': ['L4QjYK_L2UjRbdooAY6pmC5OrHzIbLqt']}
Wisdom Of,0,Clear History ,1,5,{'nbc': ['fkniwt8SqMxEYdvz4nIxu3MY1BDulNe4']}
Wisdom Of,0,Trojan Horse ,1,6,{'nbc': ['cl4g57B_eALtlZpGDdWYvafc3IZvfyR4']}
Wisdom Of,0,ecrets ,1,7,{'nbc': ['Oow0EClugjQ8UmuPThFMi4eNL2tV6FMV']}
Wisdom Of,0,ervice ,1,8,{'nbc': ['l5J_ja2vDwyFzyUMDfvjRhpPYQwMHf9h']}
Wisdom Of,0,Proof of Concept ,1,9,{'nbc': ['pGXWUQqEv__Csr2CjKj4DBqYzPvh5vMr']}
Wisdom Of,0,tream ,1,10,{'nbc': ['Zc1_DdyVo6FEfVR5iVmquIV7F_a6coc_']}
Wisdom Of,0,Alpha Test ,1,11,{'nbc': ['RlJpSKG344S94Wktbqd9OBzxHbV1mt8D']}
Wisdom Of,0,Root Directory ,1,12,{'nbc': ['HKXVIwR6PjHVFEEXP3ITjqSEhhhWQIND']}
Wisdom Of,0,The Tipping Point ,1,13,{'nbc': ['bLR_6SZBpXoKLqFyUwSEnlNWJftKh6xL']}
