Scraped Date,Category,Series Title,Release Year,Season Number,Episode Number,Episode Title,Links
2018-04-10,TBS Shows,American Dad,2005,5,2,A JONES FOR A SMITH,{'tbs': ['8094f1256312a12fd83b4f904a0e8ab668cb1c0a']}
2018-04-10,TBS Shows,American Dad,2005,5,3,MAY THE BEST STAN WIN,{'tbs': ['67dfbc7496b63455545856b9088d141f71b46151']}
2018-04-10,TBS Shows,American Dad,2005,5,4,RETURN OF THE BLING,{'tbs': ['6f0758d8683c8752331af64ce2013e667212a620']}
2018-04-10,TBS Shows,American Dad,2005,5,5,COPS AND ROGER,{'tbs': ['02865b74ecbf8d1c3fdeea3184dad0340db59400']}
2018-04-10,TBS Shows,American Dad,2005,5,6,MERLOT DOWN DIRTY SHAME,{'tbs': ['278d98493a483c0f22e914aa46881ed4a15a8eaf']}
2018-04-10,TBS Shows,American Dad,2005,5,7,BULLY FOR STEVE,{'tbs': ['8db02766a5980e1644ffc4d66b40143ec58b378d']}
2018-04-10,TBS Shows,American Dad,2005,5,8,AN INCIDENT AT OWL CREEK,{'tbs': ['e5842e867ece3c579178bb0a09d7405b139dde64']}
2018-04-10,TBS Shows,American Dad,2005,5,9,GREAT SPACE ROASTER,{'tbs': ['028870aed3a8307dfc3a3db1e4ffb22f73dc57ff']}
2018-04-10,TBS Shows,American Dad,2005,6,1,100 A.D.,{'tbs': ['51845146ec54c9b203d3d34984ff56bde1d0d463']}
2018-04-10,TBS Shows,American Dad,2005,6,2,SON OF STAN,{'tbs': ['05f8a8c0e8941e30fb400f03835a071a208f1ab1']}
2018-04-10,TBS Shows,American Dad,2005,6,3,BEST LITTLE HORROR HOUSE IN LANGLEY FALLS,{'tbs': ['0c868fcc197a8d4e8339d74aeb22272b600e4eeb']}
2018-04-10,TBS Shows,American Dad,2005,6,4,STAN'S FOOD RESTAURANT,{'tbs': ['44261bea459eca8a93c13eb25ed09e9d18f7cb50']}
2018-04-10,TBS Shows,American Dad,2005,6,5,WHITE RICE,{'tbs': ['fba219bd864f0e8d2677e04e8b1b8b6503dc53fb']}
2018-04-10,TBS Shows,American Dad,2005,6,6,THERE WILL BE BAD BLOOD,{'tbs': ['4e09ec5035fa9dbc0ab6ef393361a35ea730968e']}
2018-04-10,TBS Shows,American Dad,2005,13,1,PARANOID_FRANDROID,{'tbs': ['45194685909226105d16342e0e07a2c756572849']}
2018-04-10,TBS Shows,American Dad,2005,13,2,THE CENSUS OF THE LAMBS,{'tbs': ['f1de4304ea5b7697a5dffa1a6f68bcfa2d2653f3']}
2018-04-10,TBS Shows,American Dad,2005,13,3,SHELL GAME,{'tbs': ['b87aa12e19b45a87bbc454032f5b025045e8d9d5']}
2018-04-10,TBS Shows,American Dad,2005,13,4,THE MURAL OF THE STORY,{'tbs': ['d566ca9dd7dec330348ef18d5e1dd66b00473ffb']}
2018-04-10,TBS Shows,American Dad,2005,13,5,(YOU GOTTA) STRIKE FOR YOUR RIGHT,{'tbs': ['3db705c19471ff4a23fbbc177b8effcd08f019e2']}
2018-04-10,TBS Shows,American Dad,2005,13,6,KLAUSTASTROPHE.TV,{'tbs': ['d62e40709f55ffca37c0f09986a383d062c7409d']}
2018-04-10,TBS Shows,American Dad,2005,13,7,DEATH BY DINNER PARTY,{'tbs': ['9ce135332e13230261a9942a24bad96d427e7d5e']}
2018-04-10,TBS Shows,American Dad,2005,13,8,"SANTA, SCHMANTA",{'tbs': ['0cf78aed5339594dac6ceb6ecd40a8a39873a67f']}
2018-04-10,TBS Shows,American Dad,2005,13,9,THE NEVER-ENDING STORIES,{'tbs': ['f8ff2a18d7357f63c4ce15b0ace6b15f32e13c19']}
2018-04-10,TBS Shows,Angie Tribeca,2016,3,6,"HEY, I'M SOLVIN' HERE!",{'tbs': ['169639446b531925c56e45120e78fc4ef06ccca4']}
2018-04-10,TBS Shows,Angie Tribeca,2016,3,7,LICENSE TO DRILL,{'tbs': ['aa9d1bdf7e864105fc319a5413ca0aba7327d755']}
2018-04-10,TBS Shows,Angie Tribeca,2016,3,8,"IF YOU SEE SOMETHING, SOLVE SOMETHING",{'tbs': ['f6354a5e7eb0bedf4f8ddb1cecf906f6bfecaebc']}
2018-04-10,TBS Shows,Angie Tribeca,2016,3,9,GERMS OF ENDEARMENT,{'tbs': ['b5e1d2efb87494a9e736f23d69570395933cb33b']}
2018-04-10,TBS Shows,Angie Tribeca,2016,3,10,"GO GET 'EM, TIGER",{'tbs': ['34bceab2e6ff0b174fb787821e3b81f24f602695']}
2018-04-10,TBS Shows,Blair,2007,1,1,PARTY TIPS FOR A PARTY YOU WANT TO LEAVE,{'tbs': ['0c4f7a7d1d843f541335ced0f2c324210e731848']}
2018-04-10,TBS Shows,Blair,2007,1,2,RIDESHARES ARE SCARY,{'tbs': ['7229e0720dec16371f7d287bc5cda3838ed98416']}
2018-04-10,TBS Shows,Blair,2007,1,3,FRIENDS ARE REPLACEABLE,{'tbs': ['fc2e1d3294aede921e697ba126430908aa88bd81']}
2018-04-10,TBS Shows,Blair,2007,1,4,I WANT TO BE ALONE: THE MUSICAL!,{'tbs': ['56beaf9b09cac99a3fc46787e62289057aa4a2a0']}
2018-04-10,TBS Shows,Blair,2007,1,5,THERAPY IS NEVERENDING,{'tbs': ['4c120b3d081d235c844d89157c4f916258906b7b']}
2018-04-10,TBS Shows,Blair,2007,1,6,WORKING OUT IS IMPOSSIBLE,{'tbs': ['5852eb41b63a49ef5c0e3c6d43b0ed34ab2c0d84']}
2018-04-10,TBS Shows,Blair,2007,1,7,FAKE COPS ARE ANNOYING,{'tbs': ['0d778b3dad8b2a0df24e8d4e286803793c7e2afd']}
2018-04-10,TBS Shows,Blair,2007,1,8,DIVORCE IS INEVITABLE,{'tbs': ['acccecdc581396b60b0ca827d8e512396567b171']}
2018-04-10,TBS Shows,Blair,2007,1,9,MY CAT IS BOSS,{'tbs': ['42ba8363962c2ff1ececad9235602529e962bde5']}
2018-04-10,TBS Shows,Blair,2007,1,10,MOM IS DEPRESSING,{'tbs': ['028adb1fdc3dcbd2c1d0af61db3f70ce37df1a3b']}
2018-04-10,TBS Shows,Conan,2010,8,55,"MARCH 29, 2018",{'tbs': ['4a375b06c07251b34cdbfc631198e5db7d31d68b']}
2018-04-10,TBS Shows,Conan,2010,8,54,"MARCH 28, 2018",{'tbs': ['daec7581bbe6b824ba215143c37bab65f1c8cdb7']}
2018-04-10,TBS Shows,Conan,2010,8,53,"MARCH 27, 2018",{'tbs': ['68ab0175724a4af1e0373bbdc28ea06f3f69fe84']}
2018-04-10,TBS Shows,Conan,2010,8,52,"MARCH 26, 2018",{'tbs': ['28803597d26b2f6f7ffb1c68196a013e3546aecb']}
2018-04-10,TBS Shows,Conan,2010,8,35,"FEBRUARY 6, 2018",{'tbs': ['914151e4f4ed6344c3fd034beeed686cd3aa0157']}
2018-04-10,TBS Shows,Conan,2010,8,34,"FEBRUARY 5, 2018",{'tbs': ['3f0a94bf1c78ebaf7863483e0ed0fc6ee2f4efaa']}
2018-04-10,TBS Shows,Conan,2010,8,32,"JANUARY 31, 2018",{'tbs': ['0fd4c7bcb5618b2b9c6d20a550b04a9b04112286']}
2018-04-10,TBS Shows,The Detour,2016,2,8,THE JOB,{'tbs': ['585d071ab47c6babcb4ac9e6db87624d5d107de5']}
2018-04-10,TBS Shows,The Detour,2016,2,9,THE DILEMMA,{'tbs': ['652c148e35612ac420af7d036c9ebfd439b38778']}
2018-04-10,TBS Shows,The Detour,2016,2,10,THE TRIP,{'tbs': ['46673a1b3826b545bcf96163e49227fcc1b54c37']}
2018-04-10,TBS Shows,The Detour,2016,2,11,THE MULE,{'tbs': ['c3f8dafd3539d2d2b119be271ed18b30f69cdf47']}
2018-04-10,TBS Shows,The Detour,2016,2,12,THE ASS,{'tbs': ['cc222c76ac0bc6d52960daf5276f95a7ca3da5a3']}
2018-04-10,TBS Shows,The Detour,2016,3,1,THE RUN,{'tbs': ['2ea570cf9fa1d949b6280db24688aeac9add9969']}
2018-04-10,TBS Shows,The Detour,2016,3,2,THE STOP,{'tbs': ['0b23b3e86e1ff0b533bc5118c50a0c87c7a589ea']}
2018-04-10,TBS Shows,The Detour,2016,3,3,THE MARK,{'tbs': ['2ab19b2e84ef0824266e884b03933e2903a7902e']}
2018-04-10,TBS Shows,The Detour,2016,3,4,THE GOAL,{'tbs': ['7b403fcd89552b649dcc26b508146afc187f19a9']}
2018-04-10,TBS Shows,The Detour,2016,3,5,THE BOAT,{'tbs': ['22b33d16ff2af209fce53a0ae2fe0b331e8887a5']}
2018-04-10,TBS Shows,The Detour,2016,3,6,THE VOWS,{'tbs': ['e6e60419795360a1a24eba07bbb0a98cc5e2ff5f']}
2018-04-10,TBS Shows,The Detour,2016,3,7,THE WATER,{'tbs': ['79d4afc11da08deef241135eab7841d3895fc71c']}
2018-04-10,TBS Shows,The Detour,2016,3,8,THE PLANE,{'tbs': ['05091143e4ed2844bfee12f2bd509188a1f096f8']}
2018-04-10,TBS Shows,The Detour,2016,3,9,THE FUNERAL,{'tbs': ['afd9cae73674ba41d73df0367f365865cc485681']}
2018-04-10,TBS Shows,The Detour,2016,3,10,THE ESCAPE,{'tbs': ['e7d07801390ff73b7d14e17a6c379b7f73708956']}
2018-04-10,TBS Shows,Drop The Mic,2017,1,1,HALLE BERRY VS. JAMES CORDEN AND USHER VS. ANTHONY ANDERSON,{'tbs': ['11e0778cdf2582e05dba5ce2b49a90628cb7c62e']}
2018-04-10,TBS Shows,Drop The Mic,2017,1,2,JAMES VAN DER BEEK VS. RANDALL PARK AND ROB GRONKOWSKI VS. GINA RODRIGUEZ,{'tbs': ['53ea305016fa54cfcc60ff9cec1286a39a5e503c']}
2018-04-10,TBS Shows,Drop The Mic,2017,1,3,NIECY NASH VS. CEDRIC THE ENTERTAINER AND LIAM PAYNE VS. JASON DERULO,{'tbs': ['4511aeb17d6ea550ba27511239884a1e0b2d80b9']}
2018-04-10,TBS Shows,Drop The Mic,2017,1,4,TONY HALE VS. TIMOTHY SIMONS AND RASCAL FLATTS VS. BOYZ II MEN,{'tbs': ['5d4de53a596992e49cd30cb5dc0098e58e42164a']}
2018-04-10,TBS Shows,Drop The Mic,2017,1,6,VANESSA HUDGENS VS. MICHAEL BENNETT AND JAMES CORDEN VS. NICOLE RICHIE,{'tbs': ['2f5045f3b5687cfd706d8a5d0fd9b1d698fce5bd']}
2018-04-10,TBS Shows,Drop The Mic,2017,1,7,MAYIM BIALIK VS. KUNAL NAYYAR AND ASHLEY TISDALE VS. NICK LACHEY,{'tbs': ['103a5ace2391fe063e2bb4b1f22d0453edfd1b41']}
2018-04-10,TBS Shows,Drop The Mic,2017,1,8,WAYNE BRADY VS. JAKE OWEN AND KENNY G VS. RICHARD MARX,{'tbs': ['0162ef32447e22f4a72fc51339413b72c285c1eb']}
2018-04-10,TBS Shows,Drop The Mic,2017,1,9,DAVID ARQUETTE VS. BRIAN TYREE HENRY AND JESSE TYLER FERGUSON VS. CHRISSY METZ,{'tbs': ['fd359ac8836b8b1ba48e0bedea7a4b5b7d5f77fa']}
2018-04-10,TBS Shows,Drop The Mic,2017,1,10,PENTATONIX VS. BELL BIV DEVOE AND PADMA LAKSHMI VS. RANDY JACKSON,{'tbs': ['e733bfcbd6b4b061db2d8e40a1b23d724008d5ca']}
2018-04-10,TBS Shows,Drop The Mic,2017,1,11,DANIELLE FISHEL VS. JONATHAN LIPNICKI AND SHANIA TWAIN VS. MEGAN TRAINOR,{'tbs': ['186d449de81e76a9e3db6c19ad592843f86eac54']}
2018-04-10,TBS Shows,Drop The Mic,2017,1,11,DANIELLE FISHEL VS. JONATHAN LIPNICKI,{'tbs': ['7d2f1e2c977d1bb459b66d2e4fdf915018d67f5d']}
2018-04-10,TBS Shows,Eleague,2016,1,1,TEKKEN TEAM TAKEDOWN - CAPTAINS' CHALLENGE,{'tbs': ['a6e3afd7047a2c0edc463797e74da7253afb7203']}
2018-04-10,TBS Shows,Eleague,2016,1,2,TEKKEN TEAM TAKEDOWN - THE GRAND FINAL,{'tbs': ['38e0a3134327b0be869eeb902c8f9048636b2016']}
2018-04-10,TBS Shows,Eleague,2016,1,3,TEKKEN TEAM TAKEDOWN - FIGHT FOR THE FINALS,{'tbs': ['cc5afa466a0f416b0cf5c46227773df8e0209d4b']}
2018-04-10,TBS Shows,Eleague,2016,1,4,ROAD TO THE BOSTON MAJOR - THE NEW CHAMPION,{'tbs': ['8c0591dfe41208292ec929a2d2c066c3249d6fc4']}
2018-04-10,TBS Shows,Eleague,2016,1,5,TEKKEN TEAM TAKEDOWN - SEMIFINAL SHOWDOWN,{'tbs': ['49d33fb77157976ed10aa6cd5bffec209830813d']}
2018-04-10,TBS Shows,Eleague,2016,1,6,ROAD TO THE BOSTON MAJOR - THE BIG STAGE,{'tbs': ['a404d9cbbfbe1ec0a8a7defd29ec9de4d47dd573']}
2018-04-10,TBS Shows,Eleague,2016,1,7,ROAD TO THE BOSTON MAJOR - BECOMING LEGENDS,{'tbs': ['03a55eb78b1b1504a29d2319c3dceb4d797613f1']}
2018-04-10,TBS Shows,Eleague,2016,1,8,ROAD TO THE BOSTON MAJOR - THE CHALLENGERS,{'tbs': ['ebf85bd00c5ecc1b37f6426c4d453bd3ba1383dc']}
2018-04-10,TBS Shows,Eleague,2016,1,9,ROAD TO THE BOSTON MAJOR - THE JOURNEY BEGINS,{'tbs': ['29bf23b9e8ecb68456de4aa0b0b46a39e5baba45']}
2018-04-10,TBS Shows,Final Space,2018,1,1,CHAPTER ONE,{'tbs': ['bdab2731532b27ba7e1a8411daafb798dadb99c9']}
2018-04-10,TBS Shows,Final Space,2018,1,2,CHAPTER TWO,{'tbs': ['7bfc76fcbee0c7fd97143b5d217bfdecd3296331']}
2018-04-10,TBS Shows,Final Space,2018,1,3,CHAPTER THREE,{'tbs': ['9630f04c7e8af9303f4f9ff3e48b548f7915ce6e']}
2018-04-10,TBS Shows,Final Space,2018,1,4,CHAPTER FOUR,{'tbs': ['3fe8121be561ab3f8d2696aff611963edd66813a']}
2018-04-10,TBS Shows,Final Space,2018,1,5,CHAPTER FIVE,{'tbs': ['c3e5757ad661e42b315b66b9047c4200a1fdb8f1']}
2018-04-10,TBS Shows,Final Space,2018,1,6,CHAPTER SIX,{'tbs': ['0e208a9bfa0a672c2bbb1f66ddb2c94364170679']}
2018-04-10,TBS Shows,Final Space,2018,1,7,CHAPTER SEVEN,{'tbs': ['b53a149ce7a8a0378c92eddd971a124e44733efa']}
2018-04-10,TBS Shows,Final Space,2018,1,1,INSIDE THE EPISODE: CHAPTER ONE,{'tbs': ['38daaf8214c5d1af52519713966a018f9031a04d']}
2018-04-10,TBS Shows,Full Frontal With Samantha Bee,2016,3,5,FULL FRONTAL WITH SAMANTHA BEE PRESENTS: THE GREAT AMERICAN* PUERTO RICO (*IT'S COMPLICATED),{'tbs': ['2a14b6f2c08ff72ca29a46da0d006b67e7e38199']}
2018-04-10,TBS Shows,Full Frontal With Samantha Bee,2016,3,4,"MARCH 21, 2018",{'tbs': ['bbbd2930d537cd719ffdf31cfcb5e9bc9f7c65bb']}
2018-04-10,TBS Shows,Full Frontal With Samantha Bee,2016,3,3,"MARCH 14, 2018",{'tbs': ['354daf4a5c2554c4f3a26ee7ed905a0172e55a1b']}
2018-04-10,TBS Shows,The Guest Book,2017,1,1,STORY ONE,{'tbs': ['8cbf41410eb7c29d94d9bb65d76707bd8e098607']}
2018-04-10,TBS Shows,The Guest Book,2017,1,2,STORY TWO,{'tbs': ['4988796d3c3dcb9a99533b69f5bd7211841a357e']}
2018-04-10,TBS Shows,The Guest Book,2017,1,3,STORY THREE,{'tbs': ['2ac5ba445f1a449c43bdc572d9d96e689ba2935c']}
2018-04-10,TBS Shows,The Guest Book,2017,1,4,STORY FOUR,{'tbs': ['83fe160fac0bd9c4ba3817d0127d7083ab12a05c']}
2018-04-10,TBS Shows,The Guest Book,2017,1,5,STORY FIVE,{'tbs': ['a0ef15e52276e72e15526c52589c66e21c17c58c']}
2018-04-10,TBS Shows,People Of Earth,2016,2,6,AFTERMATH,{'tbs': ['d414e413bb376e1a382af464713c914a7c7e0538']}
2018-04-10,TBS Shows,People Of Earth,2016,2,7,BEE KIND,{'tbs': ['da97d6157d91cd4235e1b7438ffe46bda14846e4']}
2018-04-10,TBS Shows,People Of Earth,2016,2,8,ALIEN EXPERIENCER EXPO,{'tbs': ['0f4197762170125efb051a892921c4f96127a3fa']}
2018-04-10,TBS Shows,People Of Earth,2016,2,9,TRUTH OR DARE,{'tbs': ['366fa5573c265738678b5ac4d6663731116272bf']}
2018-04-10,TBS Shows,People Of Earth,2016,2,10,GAME NIGHT,{'tbs': ['2fb98d2df61b033e9cabb9e6a885ae9ec3ceb261']}
2018-04-10,TBS Shows,Search Party,2016,1,1,THE MYSTERIOUS DISAPPEARANCE OF THE GIRL NO ONE KNEW (UNCUT),{'tbs': ['bf94dabfaec0cd2d68eeb6453872fe397fb96c86']}
2018-04-10,TBS Shows,Search Party,2016,1,2,THE WOMAN WHO KNEW TOO MUCH (UNCUT),{'tbs': ['050b56723b87f512b45dd92ecb6f0bd7d20042af']}
2018-04-10,TBS Shows,Search Party,2016,1,3,THE NIGHT OF ONE HUNDRED CANDLES (UNCUT),{'tbs': ['c337feba25ca1fc1dbfcb5ee379c1aef05890e35']}
2018-04-10,TBS Shows,Search Party,2016,1,4,THE CAPTIVE DINNER GUEST (UNCUT),{'tbs': ['5e81de8ba4a1dc16dc3d2b60db2bf9796d266cf7']}
2018-04-10,TBS Shows,Search Party,2016,1,5,THE MYSTERY OF THE GOLDEN CHARM (UNCUT),{'tbs': ['60532e9d520859f4f32f661a365919203c372301']}
2018-04-10,TBS Shows,Search Party,2016,1,6,THE SECRET OF THE SINISTER CEREMONY (UNCUT),{'tbs': ['a260462e51f93605986c9a8d27b3bb978fb2ca68']}
2018-04-10,TBS Shows,Search Party,2016,1,7,THE RIDDLE WITHIN THE TRASH (UNCUT),{'tbs': ['9ff6474221c79a6ede46d23292256ddecf3097d9']}
2018-04-10,TBS Shows,Search Party,2016,1,8,THE RETURN OF THE FORGOTTEN PHANTOM (UNCUT),{'tbs': ['21e3f81771b2e218066274099646c62274cf8a1d']}
2018-04-10,TBS Shows,Search Party,2016,1,9,PASSWORD TO THE SHADOWS (UNCUT),{'tbs': ['0bb74ba7768ff3441ef0c6c2a9c4860450641cd9']}
2018-04-10,TBS Shows,Search Party,2016,1,10,THE HOUSE OF UNCANNY TRUTHS (UNCUT),{'tbs': ['a7be648f21be1c8c4b5c023f0ef94491386a1b0d']}
2018-04-10,TBS Shows,Search Party,2016,2,1,MURDER! (UNCUT),{'tbs': ['7ae0d2b386d28b7392698b9e38572a0aa12383fe']}
2018-04-10,TBS Shows,Search Party,2016,2,2,CONSPIRACY (UNCUT),{'tbs': ['1157fec2fdd5d3612b1ca7cbcafd251a1f14b0c6']}
2018-04-10,TBS Shows,Search Party,2016,2,3,PARALYSIS (UNCUT),{'tbs': ['a735e23263483397aaf3d05471f0e10582bf2fd5']}
2018-04-10,TBS Shows,Search Party,2016,2,4,SUSPICION (UNCUT),{'tbs': ['30f4b545d5488178b6ec290030bcaa92eca1f96c']}
2018-04-10,TBS Shows,Search Party,2016,2,5,PARANOIA (UNCUT),{'tbs': ['3bb20669e9c2b41962bf5ad9061a2a59bdb106e6']}
2018-04-10,TBS Shows,Search Party,2016,2,6,OBSESSION (UNCUT),{'tbs': ['cfb9b590c6c773aea4b5a0b00d143c18018aeed7']}
2018-04-10,TBS Shows,Search Party,2016,2,7,DENIAL (UNCUT),{'tbs': ['c42ebdc50fffedd7cee724ebbfbddf7dc474a5df']}
2018-04-10,TBS Shows,Search Party,2016,2,8,HYSTERIA (UNCUT),{'tbs': ['d402768c8fb1835096727999c5247c3d592d9952']}
2018-04-10,TBS Shows,Search Party,2016,2,9,FRENZY (UNCUT),{'tbs': ['e6e7ee2c84bea6839c66998d8881626b591dc189']}
2018-04-10,TBS Shows,Search Party,2016,2,10,PSYCHOSIS (UNCUT),{'tbs': ['2664935824cea30afc6489f6eed287687e1e43cf']}
2018-04-10,TBS Shows,Search Party,2016,1,1,INSIDE THE EPISODE: THE MYSTERIOUS DISAPPEARANCE OF THE GIRL NO ONE KNEW,{'tbs': ['2f8fd17a05ec2366122ae3d62a372ebdab906c79']}
2018-04-10,TBS Shows,Snoop Dogg Presents The Jokers Wild,2017,1,1,"THE GAME IS ON, DOGGY STYLE",{'tbs': ['6ab54905a4f8f43b7623f1c8088eb105f7cc1a52']}
2018-04-10,TBS Shows,Snoop Dogg Presents The Jokers Wild,2017,1,2,WILD ENOUGH TO DO IT DOGGYSTYLE,{'tbs': ['a6209aff909fde4347348b5905b0dda870bba6b0']}
2018-04-10,TBS Shows,Snoop Dogg Presents The Jokers Wild,2017,1,3,WHAT YOU KNOW CAN WIN DOUGH,{'tbs': ['ef9202fd32809e288bd34e8ed2f5e710dd0e490e']}
2018-04-10,TBS Shows,Snoop Dogg Presents The Jokers Wild,2017,1,4,THE CASH NEVER STOPS AND THE KNOWLEDGE DROPS,{'tbs': ['4cb77a7241552f89c0ac84d16b446a3028253eb7']}
2018-04-10,TBS Shows,Snoop Dogg Presents The Jokers Wild,2017,1,5,MAKIN' BANK WITH THE MC OF SWANK,{'tbs': ['da6bbe923f39e4fb883cd79f27da4cf1ed46bba2']}
2018-04-10,TBS Shows,Snoop Dogg Presents The Jokers Wild,2017,1,6,THE FUNKIEST HOST ON THE WEST COAST,{'tbs': ['46a7e35fb0c5810a455c91e4a7736216f38f2ce3']}
2018-04-10,TBS Shows,Snoop Dogg Presents The Jokers Wild,2017,1,7,RACKS GETTIN' STACKED,{'tbs': ['63941cd021a8a4965c098ddb321c869258de259d']}
2018-04-10,TBS Shows,Snoop Dogg Presents The Jokers Wild,2017,1,8,USE YOUR BRAIN AND MAKE IT RAIN,{'tbs': ['396f2d4da272822728f2b2decc93117a6248561e']}
2018-04-10,TBS Shows,Snoop Dogg Presents The Jokers Wild,2017,1,9,THE GAME FOR PLAYAS,{'tbs': ['371b6b9e4b3652e9bfe4ed483ba0c423c70b0f09']}
2018-04-10,TBS Shows,Snoop Dogg Presents The Jokers Wild,2017,1,10,THE GAME'S THE THING AND CASH IS KING,{'tbs': ['5317a3ebab681fb4ad63f8494387b403f6fc09ae']}
2018-04-10,TBS Shows,Storyville,2017,1,1,STORYVILLE WITH POST MALONE,{'tbs': ['1823d7bddcf23e3a4d79df2a3ab8e332cbabcd6a']}
2018-04-10,TBS Shows,Storyville,2017,1,2,STORYVILLE WITH HANNIBAL BURESS,{'tbs': ['ef3ccc89e45e552f573fc670c78cdafa758591ef']}
2018-04-10,TBS Shows,Storyville,2017,1,3,STORYVILLE WITH DJ NU MARK,{'tbs': ['27e43098161edab32561b60886800361d459d13e']}
2018-04-10,TBS Shows,Storyville,2017,1,4,STORYVILLE WITH COMMON,{'tbs': ['261d43d5fb2d2112893379976d59d9f9afe1651c']}
2018-04-10,TBS Shows,Storyville,2017,1,5,STORYVILLE WITH JENSEN KARP,{'tbs': ['37e3173d28eb1bdfeb8132456d4eb1be753f5be3']}
2018-04-10,TBS Shows,Storyville,2017,1,6,STORYVILLE WITH DIPLO,{'tbs': ['e392ac1e3d63c61d93755e2af0a64804fd87e136']}
2018-04-10,TBS Shows,Tarantula,2017,1,1,SEESAW,{'tbs': ['7969074d7577c693cb2a04d0dd5ffeb8d9da51e6']}
2018-04-10,TBS Shows,Tarantula,2017,1,2,MUSHROOM VALLEY,{'tbs': ['3ed5445f91057ec4797a06ea25c86c5d8dc12ac3']}
2018-04-10,TBS Shows,Tarantula,2017,1,3,TOAST OF THE TOWN,{'tbs': ['a8eeddc4e549ec6b4c612197313bc6a66f791299']}
2018-04-10,TBS Shows,Tarantula,2017,1,4,ONE WEIRD MAMA,{'tbs': ['2508510218e9591a8c181d30f427b40a029583ab']}
2018-04-10,TBS Shows,Tarantula,2017,1,5,MACARONI SALAD,{'tbs': ['d56c73e65fa77b572ee99e8e65b42a6f15054a14']}
2018-04-10,TBS Shows,Tarantula,2017,1,6,THE SHADE,{'tbs': ['d83a02b091caf2c05f613edf45ae481bbe8480ae']}
2018-04-10,TBS Shows,Tarantula,2017,1,7,PAJATTERY,{'tbs': ['fd7f5650a89c75ac84125b91e2534cdc8573bea4']}
2018-04-10,TBS Shows,Tarantula,2017,1,8,FROG FLOG,{'tbs': ['f908346d7f346f2b4bfd5a9b7c200d6f8c548cde']}
2018-04-10,TBS Shows,Tarantula,2017,1,9,SHABZINZO,{'tbs': ['57faafd82e9ec79b6de07939a776489474d7d191']}
2018-04-10,TBS Shows,Tarantula,2017,1,10,PIG HEAD,{'tbs': ['bace070ae0d6a7b6bab53387fd029d5538124031']}
2018-04-10,TBS Shows,Wrecked,2016,1,1,ALL IS NOT LOST,{'tbs': ['bb4869a7332e89541d19e6fb0a22538d8b82571f']}
2018-04-10,TBS Shows,Wrecked,2016,1,2,"REST IN PEACE, CALLAWAY HINKLE",{'tbs': ['61bab72de6ca8c052b8922277882b1fdad43d5c4']}
2018-04-10,TBS Shows,Wrecked,2016,1,3,ALWAYS MEANT TO SEE THAT,{'tbs': ['c254389f7ac316802738ba5aaa855d9e3660413c']}
2018-04-10,TBS Shows,Wrecked,2016,1,4,THE COMMUNITY PILE,{'tbs': ['21080220626fbd304d52c0802555bd7d3d49f120']}
2018-04-10,TBS Shows,Wrecked,2016,1,5,TUBTHUMPING,{'tbs': ['f4307a1327b9efd53cf9ee34436328a3a53dc631']}
2018-04-10,TBS Shows,Wrecked,2016,1,6,THE PHANTOM,{'tbs': ['b6a0df75dcb183701a3e6d2997c0378983f7a420']}
2018-04-10,TBS Shows,Wrecked,2016,1,7,THE TRIAL,{'tbs': ['c16a3868877bd4fa554b9beac0b9d2e4ddf54a58']}
2018-04-10,TBS Shows,Wrecked,2016,1,8,THE ADVENTURES OF BETH AND LAMAR,{'tbs': ['81475f0fe6975c07b856333cd513ae4fde9f534e']}
2018-04-10,TBS Shows,Wrecked,2016,1,9,JAVIER AND THE GANG,{'tbs': ['af852c4594efabd1a22d59901a7eb6ca6217f229']}
2018-04-10,TBS Shows,Wrecked,2016,1,10,COP TRICKS,{'tbs': ['d380e3ab23c75dbe7820b0decde2bd6b4cff31eb']}
2018-04-10,TBS Shows,Wrecked,2016,2,1,RANSOM,{'tbs': ['29f9ea8bef794747b9e16fe7356942650b82ef8b']}
2018-04-10,TBS Shows,Wrecked,2016,2,2,POISON,{'tbs': ['8f3c3c524f69e3b2ce1379eee0fe86cef3836ea0']}
2018-04-10,TBS Shows,Wrecked,2016,2,3,CAIMAN,{'tbs': ['01ae37fc51e7d3b57d6a7c8895e40b7bda41bc01']}
2018-04-10,TBS Shows,Wrecked,2016,2,4,TONY PEPPERONI,{'tbs': ['2a90b2234479ffdb3682ad4f3b23b91e41888577']}
2018-04-10,TBS Shows,Wrecked,2016,2,5,NO ONE RIDES FOR FREE,{'tbs': ['eb8719574a6c38097d72dae4f3f80895d4035934']}
2018-04-10,TBS Shows,2 Broke Girls,2011,1,4,AND THE RICH PEOPLE PROBLEMS,{'tbs': ['df87ef9912ccf5ae0dd8bf09893fcd8c5552456c']}
2018-04-10,TBS Shows,2 Broke Girls,2011,1,5,AND THE 90S HORSE PARTY,{'tbs': ['ded2773080bfcdf5a8abb740a1d15308613bc132']}
2018-04-10,TBS Shows,2 Broke Girls,2011,1,6,AND THE DISAPPEARING BED,{'tbs': ['ba2b6cd90395db4b902f1388180565cd6d38f029']}
2018-04-10,TBS Shows,2 Broke Girls,2011,1,7,AND THE PRETTY PROBLEM,{'tbs': ['dc49260c805d7f4794ad5b73d9642e01f57f8677']}
2018-04-10,TBS Shows,2 Broke Girls,2011,1,8,AND THE HOARDER CULTURE,{'tbs': ['a27f8c6412e69c61dea4755bb244f8b1321adf65']}
2018-04-10,TBS Shows,2 Broke Girls,2011,1,9,AND THE REALLY PETTY CASH,{'tbs': ['31d99bef1cd50dfe3379e1baabce59d797ab9abe']}
2018-04-10,TBS Shows,2 Broke Girls,2011,1,10,AND THE VERY CHRISTMAS THANKSGIVING,{'tbs': ['74569dc39cb8fe16b5cb5737cda8141cb590dc39']}
2018-04-10,TBS Shows,2 Broke Girls,2011,1,11,AND THE REALITY CHECK,{'tbs': ['4b13738b381eae3b318fa879d1adf87f599957e3']}
2018-04-10,TBS Shows,2 Broke Girls,2011,1,12,AND THE POP-UP SALE,{'tbs': ['fb13573aedc77f5976d5d83c0678bbef95fe52f4']}
2018-04-10,TBS Shows,2 Broke Girls,2011,1,13,AND THE SECRET INGREDIENT,{'tbs': ['5c8c12d1f57976ce4f8234d6197d07fe66aeb56b']}
2018-04-10,TBS Shows,2 Broke Girls,2011,1,14,AND THE UPSTAIRS NEIGHBOR,{'tbs': ['9c313b337131c2ae29518d14401eb9010cf217aa']}
2018-04-10,TBS Shows,2 Broke Girls,2011,1,15,AND THE BLIND SPOT,{'tbs': ['913ec6786767200ae5a881fec937289c26837f86']}
2018-04-10,TBS Shows,2 Broke Girls,2011,1,16,AND THE BROKEN HEARTS,{'tbs': ['0b211287cd206ba2661c6b0c84c78a6767ee9567']}
2018-04-10,TBS Shows,The Big Bang Theory,2007,5,18,THE WEREWOLF TRANSFORMATION,{'tbs': ['b2681ea1772db37da2c4ee641deb18a6cbb51259']}
2018-04-10,TBS Shows,The Big Bang Theory,2007,5,19,THE WEEKEND VORTEX,{'tbs': ['6ca5424415e744570a7bb59d684f434c6cbce1ca']}
2018-04-10,TBS Shows,The Big Bang Theory,2007,5,20,THE TRANSPORTER MALFUNCTION,{'tbs': ['d34b24c375922e329d7293e2a58d6a6962071ae2']}
2018-04-10,TBS Shows,The Big Bang Theory,2007,5,21,THE HAWKING EXCITATION,{'tbs': ['7f510f6404da29da580698eb64ad3ee8b575f993']}
2018-04-10,TBS Shows,The Big Bang Theory,2007,5,22,THE STAG CONVERGENCE,{'tbs': ['d523e1af746a0b033f7852a6003c6bc57bd63022']}
2018-04-10,TBS Shows,The Big Bang Theory,2007,5,23,THE LAUNCH ACCELERATION,{'tbs': ['768e10399ace8667b2e84412019a1173b7dc06d7']}
2018-04-10,TBS Shows,The Big Bang Theory,2007,5,24,THE COUNTDOWN REFLECTION,{'tbs': ['9e757cbd2e56706c035ff5e9a60ac6ee1c421c75']}
2018-04-10,TBS Shows,The Big Bang Theory,2007,6,2,THE DECOUPLING FLUCTUATION,{'tbs': ['22912a6876356d304b13eac706271de92c836721']}
2018-04-10,TBS Shows,The Big Bang Theory,2007,6,3,THE HIGGS BOSON OBSERVATION,{'tbs': ['77260952b572765adab20d81b5921c03ca12a988']}
2018-04-10,TBS Shows,The Big Bang Theory,2007,6,4,THE RE-ENTRY MINIMIZATION,{'tbs': ['31a99b14e7a06429c0e00f5475d669ee355cf89a']}
2018-04-10,TBS Shows,The Big Bang Theory,2007,6,5,THE HOLOGRAPHIC EXCITATION,{'tbs': ['01d1d4bec19e92103574f39130fb544d0ea90017']}
2018-04-10,TBS Shows,The Big Bang Theory,2007,6,6,THE EXTRACT OBLITERATION,{'tbs': ['0c32019082e10373d2af390263bad0aaa6311d5e']}
2018-04-10,TBS Shows,The Big Bang Theory,2007,6,7,THE HABITATION CONFIGURATION,{'tbs': ['faa92cb4ec543394097228bc6f7744d0bda4a2bc']}
2018-04-10,TBS Shows,The Big Bang Theory,2007,6,16,THE TANGIBLE AFFECTION PROOF,{'tbs': ['0c4310fcdbd7855d171c3f95f5c7cb7f3ea47261']}
2018-04-10,TBS Shows,The Big Bang Theory,2007,6,17,THE MONSTER ISOLATION,{'tbs': ['4d6dd5427b78e0d3642109dcfff53355bdb86efd']}
2018-04-10,TBS Shows,Bobs Burgers,2011,1,11,WEEKEND AT MORTS,{'tbs': ['0b3b6b4ae5f1732e29f8e6cde849dcd3aff95fce']}
2018-04-10,TBS Shows,Bobs Burgers,2011,2,1,THE BELCHIES,{'tbs': ['d17d0747bed39cbc565a741aaaa5e76047c52909']}
2018-04-10,TBS Shows,Bobs Burgers,2011,2,8,BAD TINA,{'tbs': ['b2817ba0078c7c7361d716f01a586d215d59bf9f']}
2018-04-10,TBS Shows,Bobs Burgers,2011,3,2,FULL BARS,{'tbs': ['514b88a567fbfc857ed0a654e0148044554b8ad3']}
2018-04-10,TBS Shows,Bobs Burgers,2011,3,13,MY FUZZY VALENTINE,{'tbs': ['42f7ec321ece17bec126a966108322ef243081c7']}
2018-04-10,TBS Shows,Bobs Burgers,2011,3,14,LINDAPENDENT WOMAN,{'tbs': ['dd71f778c432f581f62e8f2ff71625804095c4e6']}
2018-04-10,TBS Shows,Bobs Burgers,2011,3,20,THE KIDS RUN THE RESTAURANT,{'tbs': ['a16fa666c5d04b016e6cc07951c62cdb6a7733a3']}
2018-04-10,TBS Shows,Bobs Burgers,2011,4,1,A RIVER RUNS THROUGH BOB,{'tbs': ['3a11bee5c5e1981eb7e8b7f8c5cc3685d9860ad5']}
2018-04-10,TBS Shows,Bobs Burgers,2011,4,14,UNCLE TEDDY,{'tbs': ['04a7ed0652c26b126e1fb539408bbde3303b8764']}
2018-04-10,TBS Shows,Bobs Burgers,2011,5,11,CAN'T BUY ME MATH,{'tbs': ['8ed4f735649dc78a30893b90bd89f781a3d6f042']}
2018-04-10,TBS Shows,Brooklyn Nine Nine,2013,3,21,MAXIMUM SECURITY,{'tbs': ['52ffc6d0caa0dce99cc0293494afb7c4c25c3dcc']}
2018-04-10,TBS Shows,Brooklyn Nine Nine,2013,3,22,THE BUREAU,{'tbs': ['e1b982b076b77a083893ab7ea185745b40a75e84']}
2018-04-10,TBS Shows,Brooklyn Nine Nine,2013,3,23,GREG & LARRY,{'tbs': ['ebe83c511ddb592f549040b8663c8169b299c9ef']}
2018-04-10,TBS Shows,Brooklyn Nine Nine,2013,4,1,CORAL PALMS PART 1,{'tbs': ['7409c82066c273e87f69cc5de2eea618a1edda49']}
2018-04-10,TBS Shows,Brooklyn Nine Nine,2013,4,2,CORAL PALMS PART 2,{'tbs': ['55578d5b5a208d3c798328279dade8797482b298']}
2018-04-10,TBS Shows,The Cleveland Show,2009,3,8,Y TU JUNIOR TAMBIEN,{'tbs': ['1b05ab6384ed627990786c9fa73b3ca8d920a8f2']}
2018-04-10,TBS Shows,The Cleveland Show,2009,3,9,THERE GOES EL NEIGHBORHOOD,{'tbs': ['1070b88fb117d69def03973106a7f8d763658a3f']}
2018-04-10,TBS Shows,The Cleveland Show,2009,3,10,DANCING WITH THE STOOLS,{'tbs': ['4d588d666f6dd540e8563700266866bb9b8ab29a']}
2018-04-10,TBS Shows,The Cleveland Show,2009,3,11,BROWN MAGIC,{'tbs': ['0b9e9187dfbb1d61315d04abe98e7e971a227a86']}
2018-04-10,TBS Shows,The Cleveland Show,2009,3,12,'TIL DEAF,{'tbs': ['8b9391cdbd7dc55d3d9ead591ad8667ca1a20ce6']}
2018-04-10,TBS Shows,The Cleveland Show,2009,3,13,DAS SHRIMP BOOT,{'tbs': ['36660da0e19e81e33ab98cb10fbe5ac34488a48e']}
2018-04-10,TBS Shows,The Cleveland Show,2009,3,14,MARCH DADNESS,{'tbs': ['e6fca60503418f06270d98f0133a00673f5aab11']}
2018-04-10,TBS Shows,The Cleveland Show,2009,3,15,THE MEN IN ME,{'tbs': ['e73336f05b22fdeefcaa78f29d6fd9ccf69c1e8f']}
2018-04-10,TBS Shows,The Cleveland Show,2009,3,16,FRAPP ATTACK!,{'tbs': ['a8dd1b61763c65a71ee1b8dcaee4d0866f5dd06f']}
2018-04-10,TBS Shows,The Cleveland Show,2009,3,17,AMERICAN PRANKSTER,{'tbs': ['106d035962fa0c72e14d1c4cc3a292ac7b2af31d']}
2018-04-10,TBS Shows,Family Guy,1999,3,11,EMISSION IMPOSSIBLE,{'tbs': ['cb387e8b19573c8d9719f6a83c053c9303a10113']}
2018-04-10,TBS Shows,Family Guy,1999,3,18,FROM METHOD TO MADNESS,{'tbs': ['5aba785770e62483ddcf78bfb93e727eb6f07467']}
2018-04-10,TBS Shows,Family Guy,1999,4,15,BRIAN GOES BACK TO COLLEGE,{'tbs': ['41641297527580778e7d282dc5d0da4c7eb52482']}
2018-04-10,TBS Shows,Family Guy,1999,7,5,THE MAN WITH TWO BRIANS,{'tbs': ['8dbef30364d2e1a58f9ae6b13297974dc49a261c']}
2018-04-10,TBS Shows,Family Guy,1999,7,13,STEW-ROIDS,{'tbs': ['c02f64dfa2d8af474af8d27b8994093a81855c13']}
2018-04-10,TBS Shows,Family Guy,1999,8,17,BRIAN AND STEWIE,{'tbs': ['625ff1862a2eb15e2a65208f773c6779d389c6ce']}
2018-04-10,TBS Shows,Family Guy,1999,12,6,LIFE OF BRIAN,{'tbs': ['135a9335a5f597c78fcb70cfd3cedba516dcf8d5']}
2018-04-10,TBS Shows,Family Guy,1999,12,19,MEG STINKS!,{'tbs': ['4fb63f7dafc990e10dc9cacb6c75947187ba68d7']}
2018-04-10,TBS Shows,Family Guy,1999,14,13,AN APP A DAY,{'tbs': ['d2d6f5894878578f96eef27e74a3f498a3da204f']}
2018-04-10,TBS Shows,Family Guy,1999,14,15,A LOT GOING ON UPSTAIRS,{'tbs': ['bd978adcdc5c8c550686b49d9a58943df8e76687']}
2018-04-10,TBS Shows,Friends,1994,7,12,THE ONE WHERE THEY'RE UP ALL NIGHT,{'tbs': ['716fe44f9158b2aeec92716f94ca340cc3930aef']}
2018-04-10,TBS Shows,Friends,1994,7,13,THE ONE WHERE ROSITA DIES,{'tbs': ['85107d6929e1987a6c7ef2aec79282be1ee218a4']}
2018-04-10,TBS Shows,Friends,1994,7,14,THE ONE WHERE THEY ALL TURN THIRTY,{'tbs': ['d972703ee9ba2792b132dc58591fe85b03fd4e21']}
2018-04-10,TBS Shows,Friends,1994,7,15,THE ONE WITH JOEY'S NEW BRAIN,{'tbs': ['8e82af8367b8bd5eb7d24bd4f3c962a99aa1a987']}
2018-04-10,TBS Shows,Friends,1994,9,9,THE ONE WITH RACHEL'S PHONE NUMBER,{'tbs': ['e5451e20c8d76bb286593f306e4e6dac60a133d5']}
2018-04-10,TBS Shows,The King Of Queens,2007,4,1,"WALK, MAN",{'tbs': ['0d110d33751a90e3315edee4b44f8e7c822fdeff']}
2018-04-10,TBS Shows,The King Of Queens,2007,4,2,SIGHT GAG,{'tbs': ['18253d6f3c8236ecc86d0d6827043c53a53e349f']}
2018-04-10,TBS Shows,The King Of Queens,2007,6,21,TANK HEAVEN,{'tbs': ['c8f1f6fd542d7bb61115cfc40d6c71d4497bb1ae']}
2018-04-10,TBS Shows,The King Of Queens,2007,6,22,ALTER EGO,{'tbs': ['8bacf9cbb3a3b90e5fd27a4802956662dd9eec4f']}
2018-04-10,TBS Shows,The King Of Queens,2007,6,23,ICKY SHUFFLE,{'tbs': ['63cccb3dbbe08ccaf12b8c39a35daa27ee86a800']}
2018-04-10,TBS Shows,The King Of Queens,2007,6,24,AWFUL BIGAMY,{'tbs': ['fa44abce358f4420e8c42859e509393efee6d0bc']}
2018-04-10,TBS Shows,The King Of Queens,2007,8,8,MOVE DOUBT,{'tbs': ['fd50f01179864549ce9dd4dd37d81cc3e7f5218d']}
2018-04-10,TBS Shows,The King Of Queens,2007,8,9,"G'NIGHT, STALKER",{'tbs': ['12ea9bcc88d23d1e7a33d04407e556950fdaf618']}
2018-04-10,TBS Shows,Married With Children,1987,1,10,AL LOSES HIS CHERRY,{'tbs': ['21fc36ad346a9daebfef983cf5012d2c8afc16e1']}
2018-04-10,TBS Shows,Married With Children,1987,1,11,NIGHTMARE ON AL'S STREET,{'tbs': ['e1d81701b8cc6cf45cb5230b55a69ca96f5fa25f']}
2018-04-10,TBS Shows,Married With Children,1987,1,12,WHERE'S THE BOSS?,{'tbs': ['18278a8ad4a7b11b640b7b386e33e8d5cc896230']}
2018-04-10,TBS Shows,Married With Children,1987,1,13,JOHNNY B. GONE,{'tbs': ['2488b76dbe2e4397af2c900bbf43eb1a064ee7b3']}
2018-04-10,TBS Shows,Married With Children,1987,2,1,POPPY'S BY THE TREE (1),{'tbs': ['d83b7ce28cf831a1d5981ce73eb4c6c5aa85459d']}
2018-04-10,TBS Shows,Married With Children,1987,2,2,POPPY'S BY THE TREE (2),{'tbs': ['abefc8e22035531362df36f11d61aa743f01e8c3']}
2018-04-10,TBS Shows,Married With Children,1987,2,3,IF I WERE A RICH MAN,{'tbs': ['f72f8ecfd0a4ac66c4577516f39fc0c4b4232e96']}
2018-04-10,TBS Shows,Married With Children,1987,2,4,BUCK CAN DO IT,{'tbs': ['e859e2bff64286f6964eaba2f5570a07cd7153da']}
2018-04-10,TBS Shows,Married With Children,1987,3,13,"A THREE JOB, NO INCOME FAMILY",{'tbs': ['56c23d6f6e573019b28f48c4e57903476fdce4f0']}
2018-04-10,TBS Shows,Married With Children,1987,3,14,THE HARDER THEY FALL,{'tbs': ['b27cff09f3a1e49afd575f630be602964f5a9b9b']}
2018-04-10,TBS Shows,Seinfeld,1989,5,1,THE MANGO,{'tbs': ['670a6494370a7ea4912a352e5b8b8638d46e8dc0']}
2018-04-10,TBS Shows,Seinfeld,1989,5,4,THE SNIFFING ACCOUNTANT,{'tbs': ['5ccc2c14291767bf34c759793eee2deb10d5917a']}
2018-04-10,TBS Shows,Seinfeld,1989,5,5,THE BRIS,{'tbs': ['5dc3f83de1395b441733e1d4d315e8a9af1f8e64']}
2018-04-10,TBS Shows,Seinfeld,1989,5,6,THE LIP READER,{'tbs': ['21949c974f1a16ea40ba6df84c53ce1007117784']}
2018-04-10,TBS Shows,Seinfeld,1989,5,8,THE BARBER,{'tbs': ['a59c3257462f08bdd6eab5700efd98f6f0da4755']}
2018-04-10,TBS Shows,Seinfeld,1989,8,18,THE NAP,{'tbs': ['f855f04e5453354ba7a007528eea76ed565af7b7']}
2018-04-10,TBS Shows,Seinfeld,1989,8,19,THE YADA YADA,{'tbs': ['ebafbfc5fc296d69485b927abc1876f75cf292fa']}
2018-04-10,TBS Shows,Seinfeld,1989,8,20,THE MILLENNIUM,{'tbs': ['855b80efaddc00fcd3d62a2f394242ff5b851873']}
2018-04-10,TBS Shows,Seinfeld,1989,8,21,THE MUFFIN TOPS,{'tbs': ['c5180abc4c938e853afaf89d59fb937b999567c1']}
2018-04-10,TBS Shows,Seinfeld,1989,8,22,THE SUMMER OF GEORGE,{'tbs': ['f6bc7c7488c4f7d23810c775f67efe71c81c267d']}
